"Translation between Mod 1 Input Names and IOV PV Names",,,"1/26/10  RE",,,
"IOC Modicon Offset","Modicon input descriptor","IOC PVName","Meaning of 1 State","Meaning of 0 State","Modicon Input #","Modicon PV Alias"
,,,,,,
0,"xx","InputBlank0001","One","Zero",1,"MOD1:Input0001:Read"
1,"xx","InputBlank0002","One","Zero",2,"MOD1:Input0002:Read"
2,"xx","InputBlank0003","One","Zero",3,"MOD1:Input0003:Read"
3,"xx","InputBlank0004","One","Zero",4,"MOD1:Input0004:Read"
4,"xx","InputBlank0005","One","Zero",5,"MOD1:Input0005:Read"
5,"xx","InputBlank0006","One","Zero",6,"MOD1:Input0006:Read"
6,"xx","InputBlank0007","One","Zero",7,"MOD1:Input0007:Read"
7,"xx","InputBlank0008","One","Zero",8,"MOD1:Input0008:Read"
8,"xx","InputBlank0009","One","Zero",9,"MOD1:Input0009:Read"
9,"xx","InputBlank0010","One","Zero",10,"MOD1:Input0010:Read"
10,"xx","InputBlank11","One","Zero",11,"MOD1:Input0011:Read"
11,"24_Hour_Loop_Temp_OK","24HourLoop:Temprature:Status","OK","Not OK",12,"MOD1:Input0012:Read"
12,"xx","InputBlank0013","One","Zero",13,"MOD1:Input0013:Read"
13,"xx","InputBlank0014","One","Zero",14,"MOD1:Input0014:Read"
14,"xx","InputBlank0015","One","Zero",15,"MOD1:Input0015:Read"
15,"xx","InputBlank0016","One","Zero",16,"MOD1:Input0016:Read"
16,"xx","InputBlank0017","One","Zero",17,"MOD1:Input0017:Read"
17,"xx","InputBlank0018","One","Zero",18,"MOD1:Input0018:Read"
18,"xx","InputBlank0019","One","Zero",19,"MOD1:Input0019:Read"
19,"xx","InputBlank0020","One","Zero",20,"MOD1:Input0020:Read"
20,"xx","InputBlank0021","One","Zero",21,"MOD1:Input0021:Read"
21,"xx","InputBlank0022","One","Zero",22,"MOD1:Input0022:Read"
22,"xx","InputBlank0023","One","Zero",23,"MOD1:Input0023:Read"
23,"xx","InputBlank0024","One","Zero",24,"MOD1:Input0024:Read"
24,"xx","InputBlank0025","One","Zero",25,"MOD1:Input0025:Read"
25,"xx","InputBlank0026","One","Zero",26,"MOD1:Input0026:Read"
26,"xx","InputBlank0027","One","Zero",27,"MOD1:Input0027:Read"
27,"xx","InputBlank0028","One","Zero",28,"MOD1:Input0028:Read"
28,"xx","InputBlank0029","One","Zero",29,"MOD1:Input0029:Read"
29,"xx","InputBlank0030","One","Zero",30,"MOD1:Input0030:Read"
30,"xx","InputBlank0031","One","Zero",31,"MOD1:Input0031:Read"
31,"xx","InputBlank0032","One","Zero",32,"MOD1:Input0032:Read"
32,"PG1BackingPressureOK","PG1:BackingPressure:Status","OK","Not OK",33,"MOD1:Input0033:Read"
33,"CyclotronTankRoughingOK","CYC:Tank:Roughing:Status","OK","Not OK",34,"MOD1:Input0034:Read"
34,"CyclotronPenningGaugeOK","CYC:PenningGauge:Status","OK","Not OK",35,"MOD1:Input0035:Read"
35,"CyclotronHighVacuumOK","CYC:HiVac:Status","OK","Not OK",36,"MOD1:Input0036:Read"
36,"PG2BackingPressureOK","PG2:BackingPressure:Status","OK","Not OK",37,"MOD1:Input0037:Read"
37,"xx","InputBlank0038","OK","Not OK",38,"MOD1:Input0038:Read"
38,"xx","InputBlank0039","OK","Not OK",39,"MOD1:Input0039:Read"
39,"xx","InputBlank0040","OK","Not OK",40,"MOD1:Input0040:Read"
40,"PGSWMBackingPressureOK","PGSWM:BackingPressure:Status","OK","Not OK",41,"MOD1:Input0041:Read"
41,"PGSWMTankRoughingOK","PGSWM:Tank:Roughing:Status","OK","Not OK",42,"MOD1:Input0042:Read"
42,"PGSWMPenningGaugeOn","PGSWM:PenningGauge:Status","OK","Not OK",43,"MOD1:Input0043:Read"
43,"PGSWMHighVacuumOK","PGSWM:HiVac:Status","OK","Not OK",44,"MOD1:Input0044:Read"
44,"PGZ1BackingPressureOK","PGZ1:BackingPressure:Status","OK","Not OK",45,"MOD1:Input0045:Read"
45,"PGZ1TankRoughingOK","PGZ1:Tank:Roughing:Status","OK","Not OK",46,"MOD1:Input0046:Read"
46,"PGZ1PenningGaugeOn","PGZ1:PenningGauge:On:Status","On","Not On",47,"MOD1:Input0047:Read"
47,"PGZ1HighVacuumOK","PGZ1:HiVac:Status","OK","Not OK",48,"MOD1:Input0048:Read"
48,"PGA1BackingPressureOK","PGA1:BackingPressure:Status","OK","Not OK",49,"MOD1:Input0049:Read"
49,"PGA1TankRoughingOK","PGA1:TankRoughing:Status","OK","Not OK",50,"MOD1:Input0050:Read"
50,"PGA1PenningGaugeOn","PGA1:PenningGauge:On:Status","On","Not On",51,"MOD1:Input0051:Read"
51,"PGA1HighVacuumOK","PGA1:HiVac:Status","OK","Not OK",52,"MOD1:Input0052:Read"
52,"PGA2BackingPressureOK","PGA2:BackingPressure:Status","OK","Not OK",53,"MOD1:Input0053:Read"
53,"PGA2TankRoughingOK","PGA2:TankRoughing:Status","OK","Not OK",54,"MOD1:Input0054:Read"
54,"PGA2PenningGaugeOn","PGA2:PenningGauge:On:Status","On","Not On",55,"MOD1:Input0055:Read"
55,"PGA2HighVacuumOK","PGA2:HiVac:Status","OK","Not OK",56,"MOD1:Input0056:Read"
56,"PGB1BackingPressureOK","PGB1:BackingPressure:Status","OK","Not OK",57,"MOD1:Input0057:Read"
57,"PGB1TankRoughingOK","PGB1:TankRoughing:Status","OK","Not OK",58,"MOD1:Input0058:Read"
58,"PGB1PenningGaugeOn","PGB1:PenningGauge:On:Status","On","Not On",59,"MOD1:Input0059:Read"
59,"PGB1HighVacuumOK","PGB1:HiVac:Status","OK","Not OK",60,"MOD1:Input0060:Read"
60,"PGB2BackingPressureOK","PGB2:BackingPressure:Status","OK","Not OK",61,"MOD1:Input0061:Read"
61,"PGB2TankRoughingOK","PGB2:TankRoughing:Status","OK","Not OK",62,"MOD1:Input0062:Read"
62,"PGB2PenningGaugeOn","PGB2:PenningGauge:On:Status","On","Not On",63,"MOD1:Input0063:Read"
63,"PGB2HighVacuumOK","PGB2:HiVac:Status","OK","Not OK",64,"MOD1:Input0064:Read"
64,"PGC1BackingPressureOK","PGC1:BackingPressure:Status","OK","Not OK",65,"MOD1:Input0065:Read"
65,"PGC1TankRoughingOK","PGC1:TankRoughing:Status","OK","Not OK",66,"MOD1:Input0066:Read"
66,"PGC1PenningGaugeOn","PGC1:PenningGauge:On:Status","On","Not On",67,"MOD1:Input0067:Read"
67,"PGC1HighVacuumOK","PGC1:HiVac:Status","OK","Not OK",68,"MOD1:Input0068:Read"
68,"xx","InputBlank0069","OK","Not OK",69,"MOD1:Input0069:Read"
69,"xx","InputBlank0070","OK","Not OK",70,"MOD1:Input0070:Read"
70,"xx","InputBlank0071","OK","Not OK",71,"MOD1:Input0071:Read"
71,"VacuumMonit.Unit24_V_OK","VacMonitorUnit:24V:Status","OK","Not OK",72,"MOD1:Input0072:Read"
72,"UpperSourceFlowNotOK","Source:Arc:UpSourceFlowNotOK:Status","Not OK","OK",73,"MOD1:Input0073:Read"
73,"LowerSourceFlowNotOK","Source:Arc:LowSourceFlowNotOK:Status","Not OK","OK",74,"MOD1:Input0074:Read"
74,"UpperCathodesNotInPost.","Source:Arc:UpCathodeNotInPos:Status","Not In Position","In Position",75,"MOD1:Input0075:Read"
75,"LowerCathodesNotinPost.","Source:Arc:LowCathodeNotInPos:Status","Not In Position","In Position",76,"MOD1:Input0076:Read"
76,"ResistorBoxSafetyCoverNotInPos.","Source:Arc:ResBoxCoverNotInPos:Status","Not In Position","In Position",77,"MOD1:Input0077:Read"
77,"PSARCEmergencyLoopNotOK","Source:Arc:EmergencyLoopNotOK:Status","Not OK","OK",78,"MOD1:Input0078:Read"
78,"PSARCMainKeyOn","Source:Arc:MainKeyOn:Status","On","Not On",79,"MOD1:Input0079:Read"
79,"PSARCInLocalOn/OffMode","Source:Arc:Local:Status","Local","Not Local",80,"MOD1:Input0080:Read"
80,"DoseRateServoOn","Source:Arc:DoseRateServo:On:Status","On","Not On",81,"MOD1:Input0081:Read"
81,"ARC 24Volt OK","Source:Arc:24Volt:Status","On","Not On",82,"MOD1:Input0082:Read"
82,"ARC Current OK","Source:Arc:CurrentOK:Status","On","Not On",83,"MOD1:Input0083:Read"
83,"ARC Control Power","Source:Arc:ControlPowerOn:Status","OK","Not OK",84,"MOD1:Input0084:Read"
84,"PS ARC Overload","Source:Arc:Overload:Status","On","Not On",85,"MOD1:Input0085:Read"
85,"ARC HV On","Source:Arc:On:Status","Overload","No Overload",86,"MOD1:Input0086:Read"
86,"xx","InputBlank0087","On","Not On",87,"MOD1:Input0087:Read"
87,"Mod1-PS1324VOK","Mod1:PS13:24V:Status","OK","Not OK",88,"MOD1:Input0088:Read"
88,"SelectLocalGasControlSwitch","Source:Gas:Local:Status","Local","Not Local",89,"MOD1:Input0089:Read"
89,"TurnSourceGasOffPB","Source:GasOffPB:Status","Pushed","Not Pushed",90,"MOD1:Input0090:Read"
90,"SelectProtonPB","Source:SelectProtonPB:Status","Pushed","Not Pushed",91,"MOD1:Input0091:Read"
91,"SelectH2PlusPB","Source:SelectH2PlusPB:Status","Pushed","Not Pushed",92,"MOD1:Input0092:Read"
92,"SelectDeuteriumPB","Source:SelectDeuteriumPB:Status","Pushed","Not Pushed",93,"MOD1:Input0093:Read"
93,"Select3-HeliumPB","Source:Select3HeliumPB:Status","Pushed","Not Pushed",94,"MOD1:Input0094:Read"
94,"Select4-HeliumPB","Source:Select4HeliumPB:Status","Pushed","Not Pushed",95,"MOD1:Input0095:Read"
95,"Select Air PB","Source:SelectAirPB:Status","Pushed","Not Pushed",96,"MOD1:Input0096:Read"
96,"PGSWMTurboPumpInStartMode","PGSWM:TurboPump:StartMode:Status","In Start Mode","Not In Start Mode",97,"MOD1:Input0097:Read"
97,"PGSWMTurboPumpReady","PGSWM:TurboPump:Ready:Status","Ready","Not Ready",98,"MOD1:Input0098:Read"
98,"PGSWMTurboPumpFault","PGSWM:TurboPump:Fault","Fault","No Fault",99,"MOD1:Input0099:Read"
99,"PGSWMTurboPumpLowSpeed","PGSWM:TurboPump:LowSpeed","Low Speed","Not Low Speed",100,"MOD1:Input0100:Read"
100,"PGZ1TurboPumpInStartMode","PGZ1:TurboPump:StartMode:Status","In Start Mode","Not In Start Mode",101,"MOD1:Input0101:Read"
101,"PGZ1TurboPumpReady","PGZ1:TurboPump:Ready:Status","Ready","Not Ready",102,"MOD1:Input0102:Read"
102,"PGZ1TurboPumpFault","PGZ1:TurboPump:Fault","Fault","No Fault",103,"MOD1:Input0103:Read"
103,"PGZ1TurboPumpLowSpeed","PGZ1:TurboPump:LowSpeed","Low Speed","Not Low Speed",104,"MOD1:Input0104:Read"
104,"PGA1TurboPumpInStartMode","PGA1:TurboPump:StartMode:Status","In Start Mode","Not In Start Mode",105,"MOD1:Input0105:Read"
105,"PGA1TurboPumpReady","PGA1:TurboPump:Ready:Status","Ready","Not Ready",106,"MOD1:Input0106:Read"
106,"PGA1TurboPumpFault","PGA1:TurboPump:Fault","Fault","No Fault",107,"MOD1:Input0107:Read"
107,"PGA1TurboPumpLowSpeed","PGA1:TurboPump:LowSpeed","Low Speed","Not Low Speed",108,"MOD1:Input0108:Read"
108,"PGA2TurboPumpInStartMode","PGA2:TurboPump:StartMode:Status","In Start Mode","Not In Start Mode",109,"MOD1:Input0109:Read"
109,"PGA2TurboPumpReady","PGA2:TurboPump:Ready:Status","Ready","Not Ready",110,"MOD1:Input0110:Read"
110,"PGA2TurboPumpFault","PGA2:TurboPump:Fault","Fault","No Fault",111,"MOD1:Input0111:Read"
111,"PGA2TurboPumpLowSpeed","PGA2:TurboPump:LowSpeed","Low Speed","Not Low Speed",112,"MOD1:Input0112:Read"
112,"PGB1TurboPumpInStartMode","PGB1:TurboPump:StartMode:Status","In Start Mode","Not In Start Mode",113,"MOD1:Input0113:Read"
113,"PGB1TurboPumpReady","PGB1:TurboPump:Ready:Status","Ready","Not Ready",114,"MOD1:Input0114:Read"
114,"PGB1TurboPumpFault","PGB1:TurboPump:Fault","Fault","No Fault",115,"MOD1:Input0115:Read"
115,"PGB1TurboPumpLowSpeed","PGB1:TurboPump:LowSpeed","Low Speed","Not Low Speed",116,"MOD1:Input0116:Read"
116,"PGB2TurboPumpInStartMode","PGB2:TurboPump:StartMode:Status","In Start Mode","Not In Start Mode",117,"MOD1:Input0117:Read"
117,"PGB2TurboPumpReady","PGB2:TurboPump:Ready:Status","Ready","Not Ready",118,"MOD1:Input0118:Read"
118,"PGB2TurboPumpFault","PGB2:TurboPump:Fault","Fault","No Fault",119,"MOD1:Input0119:Read"
119,"PGB2TurboPumpLowSpeed","PGB2:TurboPump:LowSpeed","Low Speed","Not Low Speed",120,"MOD1:Input0120:Read"
120,"PGC1TurboPumpInStartMode","PGC1:TurboPump:StartMode:Status","In Start Mode","Not In Start Mode",121,"MOD1:Input0121:Read"
121,"PGC1TurboPumpReady","PGC1:TurboPump:Ready:Status","Ready","Not Ready",122,"MOD1:Input0122:Read"
122,"PGC1TurboPumpFault","PGC1:TurboPump:Fault","Fault","No Fault",123,"MOD1:Input0123:Read"
123,"PGC1TurboPumpLowSpeed","PGC1:TurboPump:LowSpeed","Low Speed","Not Low Speed",124,"MOD1:Input0124:Read"
128,"PSMC On","MC:On:Status","On","Not On",129,"MOD1:Input0129:Read"
129,"PSMC Off","MC:Off:Status","Off","Not Off",130,"MOD1:Input0130:Read"
130,"PSMC In Local","MC:Local:Status","Local","Not Local",131,"MOD1:Input0131:Read"
131,"PSMC Ready","MC:Ready:Status","Ready","Not Ready",132,"MOD1:Input0132:Read"
132,"PSMC Overload","MC:Overload:Status","Overload","Not Overload",133,"MOD1:Input0133:Read"
133,"PSMC Cooling Water Not OK","MC:CoolingWaterNotOK:Status","Not OK","OK",134,"MOD1:Input0134:Read"
134,"PSMC Line Voltage Interlock","MC:LineVoltageNotOK:Status","Not OK","OK",135,"MOD1:Input0135:Read"
135,"PSMC Overtemperature","MC:Overtemp:Status","Overtemp","Not Overtemp",136,"MOD1:Input0136:Read"
136,"PSMC Ground Short","MC:GroundShort:Status","Not OK","OK",137,"MOD1:Input0137:Read"
137,"PSMC Not At Start Position","MC:NotAtStartPosition:Status","Not At Start Position","At Start Position",138,"MOD1:Input0138:Read"
138,"PSMC Transistor Failure","MC:TransistorFailure:Status","Transistor Failure","Transistor OK",139,"MOD1:Input0139:Read"
139,"PSMC Overcurrent","MC:Overcurrent:Status","Overcurrent","Not Overcurrent",140,"MOD1:Input0140:Read"
140,"PSMC Output Short","MC:OutputShort:Status","Output Short","No Output Short",141,"MOD1:Input0141:Read"
141,"PSMC Magnet Cooling Not OK","MC:MagnetCoolingNotOK:Status","Not OK","OK",142,"MOD1:Input0142:Read"
142,"PSMC Magnet Overtemp","MC:MagnetOvertemp:Status","Overtemp","OK",143,"MOD1:Input0143:Read"
143,"PSMC Yoke Not In Position","MC:YokeNotInPosition:Status","Not In Position","In Position",144,"MOD1:Input0144:Read"
144,"PSMC PSEMC Magnet Cooling Not OK","MC:EMCMagnetCoolingNotOK:Status","Not OK","OK",145,"MOD1:Input0145:Read"
145,"PSMC EMC OverTemp","MC:EMCOverTemp:Status","Overtemp","Not overtemp",146,"MOD1:Input0146:Read"
146,"PSMC EMC Not In Position","MC:EMCNotInPosition:Status","Not In Position","In Position",147,"MOD1:Input0147:Read"
147,"PSMC 24 Volt OK","MC:24Volt:Status","OK","Not OK",148,"MOD1:Input0148:Read"
148,"xx","InputBlank0149","OK","Not OK",149,"MOD1:Input0149:Read"
149,"xx","InputBlank0150","OK","Not OK",150,"MOD1:Input0150:Read"
150,"xx","InputBlank0151","OK","Not OK",151,"MOD1:Input0151:Read"
151,"xx","InputBlank0152","OK","Not OK",152,"MOD1:Input0152:Read"
152,"PSEMC Control Power On","EMC:24Volt:Status","On","Not On",153,"MOD1:Input0153:Read"
153,"PSEMC On","EMC:On:Status","On","Not On",154,"MOD1:Input0154:Read"
154,"PSEMC Power Failure","EMC:PowerFailure:Status","Failure","OK",155,"MOD1:Input0155:Read"
155,"PSEMC In Local","EMC:LocalMode:Status","Local","Not Local",156,"MOD1:Input0156:Read"
156,"PSEMC Cooling Not OK","EMC:CoolingNotOK:Status","Not OK","OK",157,"MOD1:Input0157:Read"
157,"PSEMC External Interlock","EMC:ExternalInterlock:Status","Not OK","OK",158,"MOD1:Input0158:Read"
158,"PSEMC PSEMC Overload","EMC:Overload:Status","Overload","OK",159,"MOD1:Input0159:Read"
159,"PSEMC Transistor Failure","EMC:TransistorFailure:Status","Failure","OK",160,"MOD1:Input0160:Read"
160,"CircCoilCtlPowerOK","CC:24Volt:Status","OK","Not OK",161,"MOD1:Input0161:Read"
161,"NoGndFaultCC1-6","CC:1-6:GroundFaultOK:Status","No Ground Fault","Ground Fault",162,"MOD1:Input0162:Read"
162,"CC1-6Line_PwrCntlLocal","CC:1-6:Local:Status","Local","Remote -??-",163,"MOD1:Input0163:Read"
163,"CC1-6_On","CC:1-6:On:Status","On","Not On",164,"MOD1:Input0164:Read"
164,"NoGndFaultCC7-10","CC:7-10:GroundFaultOK:Status","No Ground Fault","Ground Fault",165,"MOD1:Input0165:Read"
165,"CC7-10LinePwrCntlLocal","CC:7-10:Local:Status","Local","Remote -??-",166,"MOD1:Input0166:Read"
166,"CC7-10On","CC:7-10:On:Status","On","Not On",167,"MOD1:Input0167:Read"
167,"xx","InputBlank0168","OK","Not OK",168,"MOD1:Input0168:Read"
168,"UpperLinerFlowNotOK","CC:UpperLinerCoolingFault:Status","Not OK","OK",169,"MOD1:Input0169:Read"
169,"LowerLinerFlowNotOK","CC:LowerLinerCoolingFault:Status","Not OK","OK",170,"MOD1:Input0170:Read"
170,"CC1UPolarityPositive","CC:Coil1U:Polarity:Positive","Positive","Not Positive",171,"MOD1:Input0171:Read"
171,"CC1UPolarityNegative","CC:Coil1U:Polarity:Negative","Negative","Not Negative",172,"MOD1:Input0172:Read"
172,"CC1LPolarityPositive","CC:Coil1L:Polarity:Positive","Positive","Not Positive",173,"MOD1:Input0173:Read"
173,"CC1LPolarityNegative","CC:Coil1L:Polarity:Negative","Negative","Not Negative",174,"MOD1:Input0174:Read"
174,"CC2PolarityPositive","CC:Coil2:Polarity:Positive","Positive","Not Positive",175,"MOD1:Input0175:Read"
175,"CC2PolarityNegative","CC:Coil2:Polarity:Negative","Negative","Not Negative",176,"MOD1:Input0176:Read"
176,"CC3PolarityPositive","CC:Coil3:Polarity:Positive","Positive","Not Positive",177,"MOD1:Input0177:Read"
177,"CC3PolarityNegative","CC:Coil3:Polarity:Negative","Negative","Not Negative",178,"MOD1:Input0178:Read"
178,"CC4PolarityPositive","CC:Coil4:Polarity:Positive","Positive","Not Positive",179,"MOD1:Input0179:Read"
179,"CC4PolarityNegative","CC:Coil4:Polarity:Negative","Negative","Not Negative",180,"MOD1:Input0180:Read"
180,"CC5PolarityPositive","CC:Coil5:Polarity:Positive","Positive","Not Positive",181,"MOD1:Input0181:Read"
181,"CC5PolarityNegative","CC:Coil5:Polarity:Negative","Negative","Not Negative",182,"MOD1:Input0182:Read"
182,"CC6PolarityPositive","CC:Coil6:Polarity:Positive","Positive","Not Positive",183,"MOD1:Input0183:Read"
183,"CC6PolarityNegative","CC:Coil6:Polarity:Negative","Negative","Not Negative",184,"MOD1:Input0184:Read"
184,"CC7PolarityPositive","CC:Coil7:Polarity:Positive","Positive","Not Positive",185,"MOD1:Input0185:Read"
185,"CC7PolarityNegative","CC:Coil7:Polarity:Negative","Negative","Not Negative",186,"MOD1:Input0186:Read"
186,"CC8PolarityPositive","CC:Coil8:Polarity:Positive","Positive","Not Positive",187,"MOD1:Input0187:Read"
187,"CC8PolarityNegative","CC:Coil8:Polarity:Negative","Negative","Not Negative",188,"MOD1:Input0188:Read"
188,"CC9PolarityPositive","CC:Coil9:Polarity:Positive","Positive","Not Positive",189,"MOD1:Input0189:Read"
189,"CC9PolarityNegative","CC:Coil9:Polarity:Negative","Negative","Not Negative",190,"MOD1:Input0190:Read"
190,"CC10_PolarityPositive","CC:Coil10:Polarity:Positive","Positive","Not Positive",191,"MOD1:Input0191:Read"
191,"CC10PolarityNegative","CC:Coil10:Polarity:Negative","Negative","Not Negative",192,"MOD1:Input0192:Read"
192,"HCA+B24VCtlPwrOK","HC:CoilA-B:24Volt:Status","OK","Not OK",193,"MOD1:Input0193:Read"
193,"HCANoGndFault","HC:CoilA:GroundFaultOK:Status","No Ground Fault","Ground Fault",194,"MOD1:Input0194:Read"
194,"HCACtlLocal","HC:CoilA:Local:Status","Local","Not Local",195,"MOD1:Input0195:Read"
195,"HCALinePwrOn","HC:CoilA:On:Status","On","Not On",196,"MOD1:Input0196:Read"
196,"HCBNoGndFault","HC:CoilB:GroundFaultOK:Status","No Ground Fault","Ground Fault",197,"MOD1:Input0197:Read"
197,"HCBCtlLocal","HC:CoilB:Local:Status","Local","Not Local",198,"MOD1:Input0198:Read"
198,"HCBLinePwrOn","HC:CoilB:On:Status","On","Not On",199,"MOD1:Input0199:Read"
199,"xx","InputBlank0200","OK","Not OK",200,"MOD1:Input0200:Read"
200,"HCC+D24VCtlPowerOK","HC:CoilC-D:24Volt:Status","OK","Not OK",201,"MOD1:Input0201:Read"
201,"HCCNoGndFault","HC:CoilC:GroundFaultOK:Status","No Ground Fault","Ground Fault",202,"MOD1:Input0202:Read"
202,"HCCCtlLocal","HC:CoilC:Local:Status","Local","Not Local",203,"MOD1:Input0203:Read"
203,"HCCLinePwrOn","HC:CoilC:On:Status","On","Not On",204,"MOD1:Input0204:Read"
204,"HCDNoGndFault","HC:CoilD:GroundFaultOK:Status","No Ground Fault","Ground Fault",205,"MOD1:Input0205:Read"
205,"HCDCtlLocal","HC:CoilD:Local:Status","Local","Not Local",206,"MOD1:Input0206:Read"
206,"HCDLinePwrOn","HC:CoilD:On:Status","On","Not On",207,"MOD1:Input0207:Read"
208,"DECU24VCtlPowerOK","DEFL:24Volt:Status","OK","Not OK",209,"MOD1:Input0209:Read"
209,"DECULocalMode","DEFL:Local:Status","Local","Not Local",210,"MOD1:Input0210:Read"
210,"DeflectorPSHVLinePwrOK","DEFL:On:Status","OK","Not OK",211,"MOD1:Input0211:Read"
211,"DeflectorVac.IntlkOK","DEFL:VacuumOK:Status","OK","Not OK",212,"MOD1:Input0212:Read"
212,"DeflectorMag.IntlkOK","DEFL:MagnetOK:Status","OK","Not OK",213,"MOD1:Input0213:Read"
213,"DeflectorSftyCvrOK","DEFL:SafetyCoverOK:Status","OK","Not OK",214,"MOD1:Input0214:Read"
214,"DeflectorCoolingFlowOK","DEFL:CoolingFlowOK:Status","OK","Not OK",215,"MOD1:Input0215:Read"
215,"SeptumTemp.OK","DEFL:SeptumTempOK:Status","OK","Not OK",216,"MOD1:Input0216:Read"
216,"ISM24VCtlPwrOK","ISM:24Volt:Status","OK","Not OK",217,"MOD1:Input0217:Read"
217,"NoPSISMGndFault","ISM:GroundFaultOK:Status","OK","Not OK",218,"MOD1:Input0218:Read"
218,"ISMLocalOn/OffMode","ISM:Local:Status","Local","Remote",219,"MOD1:Input0219:Read"
219,"ISMLinePwrOn","ISM:On:Status","On","Not On",220,"MOD1:Input0220:Read"
220,"ISMLinePwrOff","ISM:Off:Status","Off","Not Off",221,"MOD1:Input0221:Read"
221,"ISMCoolingNotOK","ISM:CoolingNotOK:Status","Not OK","OK",222,"MOD1:Input0222:Read"
222,"xx","InputBlank0223","One","Zero",223,"MOD1:Input0223:Read"
223,"xx","InputBlank0224","One","Zero",224,"MOD1:Input0224:Read"
224,"EXTRServo amp crate on","Extractor:ServoCrate:On:Status","On","Not On",225,"MOD1:Input0225:Read"
225,"EXTRSerco amp crate off","Extractor:ServoCrate:Off:Status","Off","Not Off",226,"MOD1:Input0226:Read"
226,"xx","InputBlank0227","One","Zero",227,"MOD1:Input0227:Read"
227,"xx","InputBlank0228","One","Zero",228,"MOD1:Input0228:Read"
228,"DEFLECTOR ENTRANCE SERVO OFF","DEFLEntry:Off:Status","Off","Not Off",229,"MOD1:Input0229:Read"
229,"DEFLECTOR ENTRANCE SERVO ON","DEFLEntry:On:Status","On","Not On",230,"MOD1:Input0230:Read"
230,"DEFLECTOR ENTRANCE SV AT LIMIT1","DEFLEntry:Limit1:Status","At Limit 1","Not At Limit 1",231,"MOD1:Input0231:Read"
231,"DEFLECTOR ENTRANCE SV AT LIMIT2","DEFLEntry:Limit2:Status","At Limit 2","Not At Limit 2",232,"MOD1:Input0232:Read"
232,"DEFLECTOR EXIT SERVO OFF","DEFLExit:Off:Status","Off","Not Off",233,"MOD1:Input0233:Read"
233,"DEFLECTOR EXIT SERVO ON","DEFLExit:On:Status","On","Not On",234,"MOD1:Input0234:Read"
234,"DEFLECTOR EXIT SV AT LIMIT1","DEFLExit:Limit1:Status","At Limit 1","Not At Limit 1",235,"MOD1:Input0235:Read"
235,"DEFLECTOR EXIT SV AT LIMIT2","DEFLExit:Limit2:Status","At Limit 2","Not At Limit 2",236,"MOD1:Input0236:Read"
236,"EMC EXIT SERVO OFF","EMCExit:Off:Status","Off","Not Off",237,"MOD1:Input0237:Read"
237,"EMC EXIT SERVO ON","EMCExit:On:Status","On","Not On",238,"MOD1:Input0238:Read"
238,"EMC EXIT SV AT LIMIT1","EMCExit:Limit1:Status","At Limit 1","Not At Limit 1",239,"MOD1:Input0239:Read"
239,"EMC EXIT SV AT LIMIT2","EMCExit:Limit2:Status","At Limit 2","Not At Limit 2",240,"MOD1:Input0240:Read"
240,"DEFLECTOR PROBE SERVO OFF","DeflProbe:Off:Status","Off","Not Off",241,"MOD1:Input0241:Read"
241,"DEFLECTOR PROBE SERVO ON","DeflProbe:On:Status","On","Not On",242,"MOD1:Input0242:Read"
242,"DEFLECTOR PROBE SV AT LIMIT1","DeflProbe:Limit1:Status","At Limit 1","Not At Limit 1",243,"MOD1:Input0243:Read"
243,"DEFLECTOR PROBE SV AT LIMIT2","DeflProbe:Limit2:Status","At Limit 2","Not At Limit 2",244,"MOD1:Input0244:Read"
244,"xx","InputBlank0245","One","Zero",245,"MOD1:Input0245:Read"
245,"xx","InputBlank0246","One","Zero",246,"MOD1:Input0246:Read"
246,"xx","InputBlank0247","One","Zero",247,"MOD1:Input0247:Read"
247,"xx","InputBlank0248","One","Zero",248,"MOD1:Input0248:Read"
248,"GANTRY CORR CNTRL PWR OK","GCC:CntlPowerOK:Status","One","Zero",249,"MOD1:Input0249:Read"
249,"GANTRY CORR NO GND FAULT","GCC:GroundFaultOk:Status","OK","Not OK",250,"MOD1:Input0250:Read"
250,"GANTRY CORR LOCAL MODE","GCC:Local:Status","One","Zero",251,"MOD1:Input0251:Read"
251,"GANTRY CORR LINE PWR ON","GCC:On:Status","One","Zero",252,"MOD1:Input0252:Read"
252,"GANTRY CORR LINE PWR OFF","GCC:Off:Status","One","Zero",253,"MOD1:Input0253:Read"
253,"GANTRY CORR FLOW AND TEMP NO OK","GCC:TempAndFlowNotOk:Status","Not OK","OK",254,"MOD1:Input0254:Read"
254,"160DegMagFlowOK","GDP:160Deg:FlowOk:Status","One","Zero",255,"MOD1:Input0255:Read"
255,"GantryDipoleTempSwtchsOK","GDP:TempSwtchsOk:Status","One","Zero",256,"MOD1:Input0256:Read"
256,"xx","InputBlank0257","One","Zero",257,"MOD1:Input0257:Read"
257,"xx","InputBlank0258","One","Zero",258,"MOD1:Input0258:Read"
258,"xx","InputBlank0259","One","Zero",259,"MOD1:Input0259:Read"
259,"xx","InputBlank0260","One","Zero",260,"MOD1:Input0260:Read"
260,"xx","InputBlank0261","One","Zero",261,"MOD1:Input0261:Read"
261,"xx","InputBlank0262","One","Zero",262,"MOD1:Input0262:Read"
262,"xx","InputBlank0263","One","Zero",263,"MOD1:Input0263:Read"
263,"xx","InputBlank0264","One","Zero",264,"MOD1:Input0264:Read"
264,"BCAC 24 Volt OK","BCAC:24Volt:Status","One","Zero",265,"MOD1:Input0265:Read"
265,"BCA-CSBD-1OK","BCAC:SBD1NotOK:Status","One","Zero",266,"MOD1:Input0266:Read"
266,"BCA-CSBD-2OK","BCAC:SBD2NotOK:Status","One","Zero",267,"MOD1:Input0267:Read"
267,"BCA-CSBD-SWMOK","BCAC:SBDSWMNotOK:Status","One","Zero",268,"MOD1:Input0268:Read"
268,"BCA-CSBD-3OK","BCAC:SBD3NotOK:Status","One","Zero",269,"MOD1:Input0269:Read"
269,"BCA-CSBD-4OK","BCAC:SBD4NotOK:Status","One","Zero",270,"MOD1:Input0270:Read"
270,"BCA-CSBD-5OK","BCAC:SBD5NotOK:Status","One","Zero",271,"MOD1:Input0271:Read"
271,"BCA-C Trip Override","BCAC:TripOverride:Status","One","Zero",272,"MOD1:Input0272:Read"
272,"BCAG 24 Volt OK","BCAG:24Volt:Status","One","Zero",273,"MOD1:Input0273:Read"
273,"BCA-GTargetOK","BCAG:TargetNotOK:Status","One","Zero",274,"MOD1:Input0274:Read"
274,"BCA-GUpQuadOK","BCAG:UpQuadNotOK:Status","One","Zero",275,"MOD1:Input0275:Read"
275,"BCA-GDownQuadOK","BCAG:DownQuadNotOK:Status","One","Zero",276,"MOD1:Input0276:Read"
276,"BCA-GLeftQuadOK","BCAG:LeftQuadNotOK:Status","One","Zero",277,"MOD1:Input0277:Read"
277,"BCA-GRightQuadOK","BCAG:RightQuadNotOK:Status","One","Zero",278,"MOD1:Input0278:Read"
278,"BCA-GSBD-G/TOK","BCAG:SBDGNotOK:Status","One","Zero",279,"MOD1:Input0279:Read"
279,"BCA-GSumIntlkOK","BCAG:SumIntlkNotOK:Status","One","Zero",280,"MOD1:Input0280:Read"
280,"xx","InputBlank0281","Open","Not Open",281,"MOD1:Input0281:Read"
281,"xx","InputBlank0282","Closed","Not Closed",282,"MOD1:Input0282:Read"
282,"xx","InputBlank0283","Open","Not Open",283,"MOD1:Input0283:Read"
283,"xx","InputBlank0284","Closed","Not Closed",284,"MOD1:Input0284:Read"
284,"xx","InputBlank0285","One","Zero",285,"MOD1:Input0285:Read"
285,"xx","InputBlank0286","One","Zero",286,"MOD1:Input0286:Read"
286,"xx","InputBlank0287","One","Zero",287,"MOD1:Input0287:Read"
287,"xx","InputBlank0288","One","Zero",288,"MOD1:Input0288:Read"
288,"xx","InputBlank0289","One","Zero",289,"MOD1:Input0289:Read"
289,"xx","InputBlank0290","One","Zero",290,"MOD1:Input0290:Read"
290,"xx","InputBlank0291","One","Zero",291,"MOD1:Input0291:Read"
291,"xx","InputBlank0292","One","Zero",292,"MOD1:Input0292:Read"
292,"xx","InputBlank0293","One","Zero",293,"MOD1:Input0293:Read"
293,"xx","InputBlank0294","One","Zero",294,"MOD1:Input0294:Read"
294,"xx","InputBlank0295","One","Zero",295,"MOD1:Input0295:Read"
295,"xx","InputBlank0296","One","Zero",296,"MOD1:Input0296:Read"
296,"xx","InputBlank0297","One","Zero",297,"MOD1:Input0297:Read"
297,"xx","InputBlank0298","One","Zero",298,"MOD1:Input0298:Read"
298,"xx","InputBlank0299","One","Zero",299,"MOD1:Input0299:Read"
299,"xx","InputBlank0300","One","Zero",300,"MOD1:Input0300:Read"
300,"xx","InputBlank0301","One","Zero",301,"MOD1:Input0301:Read"
301,"xx","InputBlank0302","One","Zero",302,"MOD1:Input0302:Read"
302,"xx","InputBlank0303","One","Zero",303,"MOD1:Input0303:Read"
304,"xx","InputBlank0305","One","Zero",305,"MOD1:Input0305:Read"
305,"xx","InputBlank0306","One","Zero",306,"MOD1:Input0306:Read"
306,"xx","InputBlank0307","One","Zero",307,"MOD1:Input0307:Read"
307,"xx","InputBlank0308","One","Zero",308,"MOD1:Input0308:Read"
308,"xx","InputBlank0309","One","Zero",309,"MOD1:Input0309:Read"
309,"xx","InputBlank0310","One","Zero",310,"MOD1:Input0310:Read"
310,"xx","InputBlank0311","One","Zero",311,"MOD1:Input0311:Read"
311,"xx","InputBlank0312","One","Zero",312,"MOD1:Input0312:Read"
312,"xx","InputBlank0313","One","Zero",313,"MOD1:Input0313:Read"
313,"xx","InputBlank0314","One","Zero",314,"MOD1:Input0314:Read"
314,"xx","InputBlank0315","One","Zero",315,"MOD1:Input0315:Read"
315,"xx","InputBlank0316","One","Zero",316,"MOD1:Input0316:Read"
316,"xx","InputBlank0317","One","Zero",317,"MOD1:Input0317:Read"
317,"xx","InputBlank0318","One","Zero",318,"MOD1:Input0318:Read"
318,"xx","InputBlank0319","One","Zero",319,"MOD1:Input0319:Read"
319,"xx","InputBlank0320","One","Zero",320,"MOD1:Input0320:Read"
320,"xx","InputBlank0321","One","Zero",321,"MOD1:Input0321:Read"
321,"xx","InputBlank0322","One","Zero",322,"MOD1:Input0322:Read"
322,"xx","InputBlank0323","One","Zero",323,"MOD1:Input0323:Read"
323,"xx","InputBlank0324","One","Zero",324,"MOD1:Input0324:Read"
324,"xx","InputBlank0325","One","Zero",325,"MOD1:Input0325:Read"
325,"xx","InputBlank0326","One","Zero",326,"MOD1:Input0326:Read"
326,"xx","InputBlank0327","One","Zero",327,"MOD1:Input0327:Read"
327,"xx","InputBlank0328","One","Zero",328,"MOD1:Input0328:Read"
328,"xx","InputBlank0329","One","Zero",329,"MOD1:Input0329:Read"
329,"xx","InputBlank0330","One","Zero",330,"MOD1:Input0330:Read"
330,"xx","InputBlank0331","One","Zero",331,"MOD1:Input0331:Read"
331,"xx","InputBlank0332","One","Zero",332,"MOD1:Input0332:Read"
332,"xx","InputBlank0333","One","Zero",333,"MOD1:Input0333:Read"
333,"xx","InputBlank0334","One","Zero",334,"MOD1:Input0334:Read"
334,"xx","InputBlank0335","One","Zero",335,"MOD1:Input0335:Read"
335,"xx","InputBlank0336","One","Zero",336,"MOD1:Input0336:Read"
336,"xx","InputBlank0337","One","Zero",337,"MOD1:Input0337:Read"
337,"xx","InputBlank0338","One","Zero",338,"MOD1:Input0338:Read"
338,"xx","InputBlank0339","One","Zero",339,"MOD1:Input0339:Read"
339,"xx","InputBlank0340","One","Zero",340,"MOD1:Input0340:Read"
340,"xx","InputBlank0341","One","Zero",341,"MOD1:Input0341:Read"
341,"xx","InputBlank0342","One","Zero",342,"MOD1:Input0342:Read"
342,"xx","InputBlank0343","One","Zero",343,"MOD1:Input0343:Read"
343,"xx","InputBlank0344","One","Zero",344,"MOD1:Input0344:Read"
344,"xx","InputBlank0345","One","Zero",345,"MOD1:Input0345:Read"
345,"xx","InputBlank0346","One","Zero",346,"MOD1:Input0346:Read"
346,"xx","InputBlank0347","One","Zero",347,"MOD1:Input0347:Read"
347,"xx","InputBlank0348","One","Zero",348,"MOD1:Input0348:Read"
348,"xx","InputBlank0349","One","Zero",349,"MOD1:Input0349:Read"
349,"xx","InputBlank0350","One","Zero",350,"MOD1:Input0350:Read"
350,"xx","InputBlank0351","One","Zero",351,"MOD1:Input0351:Read"
351,"xx","InputBlank0352","One","Zero",352,"MOD1:Input0352:Read"
352,"SafetyLoopOKLineA","SFTY:LoopOkLineA:Status","OK","Not OK",353,"MOD1:Input0353:Read"
353,"SafetyLoopOKLineB","SFTY:LoopOkLineB:Status","OK","Not OK",354,"MOD1:Input0354:Read"
354,"MainKeyTurnedOnCD","CCC:MainKeyOn:Status","On","Not On",355,"MOD1:Input0355:Read"
355,"BeamOfforStby1atCDpushed","CCC:BeamOffStby1Button:Status","Pushed","Not Pushed",356,"MOD1:Input0356:Read"
356,"BeamOnatCDpushed","CCC:BeamOnButton:Status","Pushed","Not Pushed",357,"MOD1:Input0357:Read"
357,"VaultDoorClosed-LS-","SFTY:VaultDoorClosed:Status","Closed","Not Closed",358,"MOD1:Input0358:Read"
358,"IsoRoomClosed-LS-","SFTY:IsoRoomClosed:Status","Closed","Not Closed",359,"MOD1:Input0359:Read"
359,"FixRoomClosed-LS-","SFTY:FixRoomClosed:Status","Closed","Not Closed",360,"MOD1:Input0360:Read"
360,"TherapyConsoleAKeyOn","SFTY:CnslAKeyOn:Status","Key On","Key Not On",361,"MOD1:Input0361:Read"
361,"Con.A BeamOff NotPushed","SFTY:CnslABeamOffButton:Status","Pushed","Not Pushed",362,"MOD1:Input0362:Read"
362,"Con.A Start Pushed","SFTY:CnslAStartButton:Status","Pushed","Not Pushed",363,"MOD1:Input0363:Read"
363,"futureAutoEnableButton","InputBlank0364","One","Zero",364,"MOD1:Input0364:Read"
364,"TherapyCon.BKeyOn","SFTY:CnslBKeyOn:Status","Key On","Key Not On",365,"MOD1:Input0365:Read"
365,"Con.B BeamOff NotPushed","SFTY:CnslBBeamOffButton:Status","Pushed","Not Pushed",366,"MOD1:Input0366:Read"
366,"Con.B Start Pushed","SFTY:CnslBStartButton:Status","Pushed","Not Pushed",367,"MOD1:Input0367:Read"
367,"SOS PB@AorBPushed","SFTY:SOSButton:Status","Pushed","Not Pushed",368,"MOD1:Input0368:Read"
368,"TargetAFlowOK","BLA:TargetFlowOK:Status","OK","Not OK",369,"MOD1:Input0369:Read"
369,"Quad.AFlowOK","BLA:QuadFlowOK:Status","OK","Not OK",370,"MOD1:Input0370:Read"
370,"DrawerATreat-2nd SW-","BLA:DrawerATreat:Status","At Treat","Not At Treat",371,"MOD1:Input0371:Read"
371,"GlassStopAOpen-2nd SW-","BLA:GlassStopOpen:Status","Open","Not Open",372,"MOD1:Input0372:Read"
372,"TargetBFlowOK","BLB:TargetFlowOK:Status","OK","Not OK",373,"MOD1:Input0373:Read"
373,"Quad.BFlowOK","BLB:QuadFlowOK:Status","OK","Not OK",374,"MOD1:Input0374:Read"
374,"DrawerBTreat-2nd SW-","BLB:DrawerTreat:Status","At Treat","Not At Treat",375,"MOD1:Input0375:Read"
375,"SSPS-324VOK","SFTY:PS3:24VoltOK:Status","OK","Not Ok",376,"MOD1:Input0376:Read"
376,"BeamPlugAOpen-LS-","BLA:BeamPlugOpen:Status","Open","Not Open",377,"MOD1:Input0377:Read"
377,"BeamPlugAClosed-LS-","BLA:BeamPlugClosed:Status","Closed","Not Closed",378,"MOD1:Input0378:Read"
378,"BeamPlugBOpen-LS-","BLB:BeamPlugOpen:Status","Open","Not Open",379,"MOD1:Input0379:Read"
379,"BeamPlugBClosed-RE15-","BLB:BeamPlugClosed:Status","Closed","Not Closed",380,"MOD1:Input0380:Read"
380,"DrawerBTreat-Relay Chass-","BLB:DrawerTreat:Status","At Treat","Not At Treat",381,"MOD1:Input0381:Read"
381,"FixBeamMotionStopOK","FIX:BeamMotionStopOk:Status","OK","Not OK",382,"MOD1:Input0382:Read"
382,"FixMobilePed.Disabled","FIX:MobilePedDisabled:Status","Disabled","Not Disabled",383,"MOD1:Input0383:Read"
383,"AllLineSelect.RelaysOff","CCC:AllLineSelectRelaysOff:Status","Off","Not Off",384,"MOD1:Input0384:Read"
384,"SSPS-1GndFaultDet.OK","SFTY:PS1:GndFaultDetOK:Status","OK","Not OK",385,"MOD1:Input0385:Read"
385,"SSPS-2GndFaultDet.OK","SFTY:PS2:GndFaultDetOK:Status","One","Zero",386,"MOD1:Input0386:Read"
386,"SSPS-3GndFaultDet.OK","SFTY:PS3:GndFaultDetOK:Status","One","Zero",387,"MOD1:Input0387:Read"
387,"BeamPlugAAutoOperation","BLA:BeamPlug:AutoOp:Status","Auto","Not Auto",388,"MOD1:Input0388:Read"
388,"BeamPlugBAutoOperation","BLB:BeamPlug:AutoOp:Status","Auto","Not Auto",389,"MOD1:Input0389:Read"
389,"Incon.ResetPBpushed","CCC:InconResetButtonPushed:Status","Pushed","Not Pushed",390,"MOD1:Input0390:Read"
390,"xx","InputBlank0391","One","Zero",391,"MOD1:Input0391:Read"
391,"BeamAllowedinVault-RE7-","SFTY:BeamAllowedVaultRelay7:Status","Allowed","Not Allowed",392,"MOD1:Input0392:Read"
392,"SSPS-2+24VOK","SFTY:PS2:24VoltOK:Status","OK","Not OK",393,"MOD1:Input0393:Read"
393,"LineATreatNotSelected","SFTY:LineATreatNotSel:Status","Not Selected","Selected",394,"MOD1:Input0394:Read"
394,"LineATestNotSelected","SFTY:LineATestNotSel:Status","Not Selected","Selected",395,"MOD1:Input0395:Read"
395,"LineBTreatNotSelected","SFTY:LineBTreatNotSel:Status","Not Selected","Selected",396,"MOD1:Input0396:Read"
396,"LineBTestNotSelected","SFTY:LineBTestNotSel:Status","Not Selected","Selected",397,"MOD1:Input0397:Read"
397,"0LineNotSelected","SFTY:Line0NotSel:Status","Not Selected","Selected",398,"MOD1:Input0398:Read"
398,"LineCNotSelected","SFTY:LineCNotSel:Status","Not Selected","Selected",399,"MOD1:Input0399:Read"
400,"Dosim.AChannel1NotOK","SFTY:DosimA:Chan1NotOK:Status","Not OK","OK",401,"MOD1:Input0401:Read"
401,"Dosim.AChannel2NotOK","SFTY:DosimA:Chan2NotOK:Status","Not OK","OK",402,"MOD1:Input0402:Read"
402,"TherapySumRelayANotOK","SFTY:TherSumRelayANotOK:Status","One","Zero",403,"MOD1:Input0403:Read"
403,"xx","InputBlank0404","One","Zero",404,"MOD1:Input0404:Read"
404,"SafetyOKLineA_-RE9-","SFTY:LineARelay9OK:Status","OK","Not OK",405,"MOD1:Input0405:Read"
405,"RFMaint.KeyNormal","RF:MaintKey:Normal:Status","Normal","Not Normal",406,"MOD1:Input0406:Read"
406,"RFMaint.KeyInMaint.","RF:MaintKey:InMaint:Status","In Maint","Not In Maint",407,"MOD1:Input0407:Read"
407,"RFOnHighPowerMode","RF:HighPowerOn:Status","Beam On","Beam Not On",408,"MOD1:Input0408:Read"
408,"Dosim.BChannel1NotOK","SFTY:DosimB:Chan1NotOK:Status","Not OK","OK",409,"MOD1:Input0409:Read"
409,"Dosim.BChannel2NotOK","SFTY:DosimB:Chan2NotOK:Status","Not OK","OK",410,"MOD1:Input0410:Read"
410,"TherapySumRelayBNotOK","SFTY:TherSumRelayBNotOK:Status","Not OK","OK",411,"MOD1:Input0411:Read"
411,"xx","InputBlank0412","One","Zero",412,"MOD1:Input0412:Read"
412,"SafetyOKLineB-RE11-","SFTY:LineBRelay11OK:Status","OK","Not OK",413,"MOD1:Input0413:Read"
413,"MainWDPushed","SFTY:MainWDPushed:Status","Pushed","Not Pushed",414,"MOD1:Input0414:Read"
414,"ResetPBTherapyAWD","SFTY:TherAWDResetPushed:Status","Pushed","Not Pushed",415,"MOD1:Input0415:Read"
415,"ResetPBTherapyBWD","SFTY:TherBWDResetPushed:Status","Pushed","Not Pushed",416,"MOD1:Input0416:Read"
416,"PSSWM Control Power On","SWM:24Volt:Status","OK","Not OK",417,"MOD1:Input0417:Read"
417,"PSSWM On","SWM:On:Status","On","Off",418,"MOD1:Input0418:Read"
418,"PSSWM Power Failure","SWM:PowerFailure:Status","Failure","OK",419,"MOD1:Input0419:Read"
419,"PSSWM Not In Local","SWM:NotLocal:Status","Not Local","Local",420,"MOD1:Input0420:Read"
420,"PSSWM Cooling Not OK","SWM:CoolingNotOK:Status","Not OK","OK",421,"MOD1:Input0421:Read"
421,"PSSWM Magnet Cooling","SWM:MagCoolingNotOK:Status","Not OK","OK",422,"MOD1:Input0422:Read"
422,"PSSWM Overload","SWM:Overload:Status","Overload","OK",423,"MOD1:Input0423:Read"
423,"PSSWM Transistor Failure","SWM:TransistorFailure:Status","Failure","OK",424,"MOD1:Input0424:Read"
424,"PSSWM Polarity Positive-Left-","SWM:Polarity:Left:Status","Left","Not Left",425,"MOD1:Input0425:Read"
425,"PSSWM Polarity Negative-Right-","SWM:Polarity:Right:Status","Right","Not Right",426,"MOD1:Input0426:Read"
426,"PSSWM Ready","SWM:Ready:Status","Ready","Not Ready",427,"MOD1:Input0427:Read"
427,"xx","InputBlank0428","One","Zero",428,"MOD1:Input0428:Read"
428,"xx","InputBlank0429","One","Zero",429,"MOD1:Input0429:Read"
429,"xx","InputBlank0430","One","Zero",430,"MOD1:Input0430:Read"
430,"xx","InputBlank0431","One","Zero",431,"MOD1:Input0431:Read"
431,"xx","InputBlank0432","One","Zero",432,"MOD1:Input0432:Read"
432,"PSGDPOL Control Power On","GDP:24Volt:Status","OK","Not OK",433,"MOD1:Input0433:Read"
433,"PSGDPOL On","GDP:On:Status","On","Off",434,"MOD1:Input0434:Read"
434,"PSGDPOL Power Failure","GDP:PowerFailure:Status","Failure","OK",435,"MOD1:Input0435:Read"
435,"PSGDPOL Not In Local","GDP:NotLocal:Status","Not Local","Local",436,"MOD1:Input0436:Read"
436,"PSGDPOL Cooling Not OK","GDP:CoolingNotOK:Status","Not OK","OK",437,"MOD1:Input0437:Read"
437,"PSGDPOL Magnet Cooling Intlk","GDP:MagCoolingNotOK:Status","Not OK","OK",438,"MOD1:Input0438:Read"
438,"PSGDPOL Overload","GDP:Overload:Status","Overload","OK",439,"MOD1:Input0439:Read"
439,"PSGDPOL Transistor Failure","GDP:TransistorFailure:Status","Failure","OK",440,"MOD1:Input0440:Read"
440,"PSBENDMG Control Power On","BMG:24Volt:Status","OK","Not OK",441,"MOD1:Input0441:Read"
441,"PSBENDMG On","BMG:On:Status","On","Off",442,"MOD1:Input0442:Read"
442,"PSBENDMG Power Failure","BMG:PowerFailure:Status","Failure","OK",443,"MOD1:Input0443:Read"
443,"PSBENDMG Not In Local","BMG:NotLocal:Status","Not Local","Local",444,"MOD1:Input0444:Read"
444,"PSBENDMG Cooling Not OK","BMG:CoolingNotOK:Status","Not OK","OK",445,"MOD1:Input0445:Read"
445,"PSBENDMG Magnet Cooling","BMG:MagCoolingNotOK:Status","Not OK","OK",446,"MOD1:Input0446:Read"
446,"PSBENDMG Overload","BMG:Overload:Status","Overload","OK",447,"MOD1:Input0447:Read"
447,"PSBENDMG Transistor Failure","BMG:TransistorFailure:Status","Failure","OK",448,"MOD1:Input0448:Read"
448,"Q1 Q23B Control Power OK","Q123B:CntlPowerOK:Status","OK","Not OK",449,"MOD1:Input0449:Read"
449,"Q1 No Ground Fault","Q1:GroundFaultOK:Status","OK","Not OK",450,"MOD1:Input0450:Read"
450,"Q1 Local Mode","Q1:Local:Status","Local","Not Local",451,"MOD1:Input0451:Read"
451,"Q1 Line Power On","Q1:On:Status","On","Not On",452,"MOD1:Input0452:Read"
452,"Q1 Line Power Off","Q1:Off:Status","Off","Not Off",453,"MOD1:Input0453:Read"
453,"Q1 Cooling Flow OK","Q1:CoolingFlowOK:Status","OK","Not OK",454,"MOD1:Input0454:Read"
454,"Q1 Temp Switches OK","Q1:TempSwitchesOK:Status","OK","Not OK",455,"MOD1:Input0455:Read"
455,"xx","InputBlank0456","One","Zero",456,"MOD1:Input0456:Read"
456,"Q23B No Ground Fault","Q23B:GroundFaultOK:Status","OK","Not OK",457,"MOD1:Input0457:Read"
457,"Q23B Local Mode","Q23B:Local:Status","Local","Not Local",458,"MOD1:Input0458:Read"
458,"Q23B Line Power On","Q23B:On:Status","On","Not On",459,"MOD1:Input0459:Read"
459,"Q23B Line Power Off","Q23B:Off:Status","Off","Not Off",460,"MOD1:Input0460:Read"
460,"Q2B Cooling Flow OK","Q2B:CoolingFlowOK:Status","OK","Not Not OK",461,"MOD1:Input0461:Read"
461,"Q2B Temp Switches OK","Q2B:TempSwitchesOK:Status","OK","Not OK",462,"MOD1:Input0462:Read"
462,"Q3B Cooling Flow OK","Q3B:CoolingFlowOK:Status","OK","Not OK",463,"MOD1:Input0463:Read"
463,"Q3B Temp Switches OK","Q3B:TempSwitchesOK:Status","OK","Not OK",464,"MOD1:Input0464:Read"
464,"Q1 Lens1 Polarity Positive","Q1:Lens1:Polarity:Positive","Positive","Not Positive",465,"MOD1:Input0465:Read"
465,"Q1 Lens1 Polarity Negative","Q1:Lens1:Polarity:Negative","Negative","Not Negative",466,"MOD1:Input0466:Read"
466,"Q1 Lens2 Polarity Positive","Q1:Lens2:Polarity:Positive","Positive","Not Positive",467,"MOD1:Input0467:Read"
467,"Q1 Lens2 Polarity Negative","Q1:Lens2:Polarity:Negative","Negative","Not Negative",468,"MOD1:Input0468:Read"
468,"Q1 Lens3 Polarity Positive","Q1:Lens3:Polarity:Positive","Positive","Not Positive",469,"MOD1:Input0469:Read"
469,"Q1 Lens3 Polarity Negative","Q1:Lens3:Polarity:Negative","Negative","Not Negative",470,"MOD1:Input0470:Read"
470,"xx","InputBlank0471","One","Zero",471,"MOD1:Input0471:Read"
471,"xx","InputBlank0472","One","Zero",472,"MOD1:Input0472:Read"
472,"Q2B Lens1&3 Polarity Positive","Q23B:Q2B:Lens13:Polarity:Positive","Positive","Not Positive",473,"MOD1:Input0473:Read"
473,"Q2B Lens1&3 Polarity Negative","Q23B:Q2B:Lens13:Polarity:Negative","Negative","Not Negative",474,"MOD1:Input0474:Read"
474,"Q2B Lens2 Polarity Positive","Q23B:Q2B:Lens2:Polarity:Positive","Positive","Not Positive",475,"MOD1:Input0475:Read"
475,"Q2B Lens2 Polarity Negative","Q23B:Q2B:Lens2:Polarity:Negative","Negative","Not Negative",476,"MOD1:Input0476:Read"
476,"Q3B Lens1&3 Polarity Positive","Q23B:Q3B:Lens13:Polarity:Positive","Positive","Not Positive",477,"MOD1:Input0477:Read"
477,"Q3B Lens1&3 Polarity Negative","Q23B:Q3B:Lens13:Polarity:Negative","Negative","Not Negative",478,"MOD1:Input0478:Read"
478,"Q3B Lens2 Polarity Positive","Q23B:Q3B:Lens2:Polarity:Positive","Positive","Not Positive",479,"MOD1:Input0479:Read"
479,"Q3B Lens2 Polarity Negative","Q23B:Q3B:Lens2:Polarity:Negative","Negative","Not Negative",480,"MOD1:Input0480:Read"
480,"xx","InputBlank0481","One","Zero",481,"MOD1:Input0481:Read"
481,"xx","InputBlank0482","One","Zero",482,"MOD1:Input0482:Read"
482,"xx","InputBlank0483","One","Zero",483,"MOD1:Input0483:Read"
483,"xx","InputBlank0484","One","Zero",484,"MOD1:Input0484:Read"
484,"xx","InputBlank0485","One","Zero",485,"MOD1:Input0485:Read"
485,"xx","InputBlank0486","One","Zero",486,"MOD1:Input0486:Read"
486,"xx","InputBlank0487","One","Zero",487,"MOD1:Input0487:Read"
487,"xx","InputBlank0488","One","Zero",488,"MOD1:Input0488:Read"
488,"IGS GND Fault OK Status","IGS:GroundFaultOK:Status","OK","Not OK",489,"MOD1:Input0489:Read"
489,"IGS Local Status","IGS:Local:Status","Local","Remote",490,"MOD1:Input0490:Read"
490,"IGS On Status","IGS:On:Status","On","Not On",491,"MOD1:Input0491:Read"
491,"IGS Temp Switch Not OK","IGS:TempSwitchNotOK:Status","Not OK","OK",492,"MOD1:Input0492:Read"
492,"IGS CNTRL POWER OK","IGS:24Volt:Status","One","Zero",493,"MOD1:Input0493:Read"
493,"xx","InputBlank0494","One","Zero",494,"MOD1:Input0494:Read"
494,"xx","InputBlank0495","One","Zero",495,"MOD1:Input0495:Read"
495,"xx","InputBlank0496","One","Zero",496,"MOD1:Input0496:Read"
496,"ISM24VCtlPwrOK","SM01:24Volt:Status","OK","Not OK",497,"MOD1:Input0497:Read"
497,"NoSM01GndFault","SM01:GroundFaultOK:Status","OK","Not OK",498,"MOD1:Input0498:Read"
498,"SM01LocalOn/OffMode","SM01:Local:Status","Local","Remote",499,"MOD1:Input0499:Read"
499,"SM01LinePwrOn","SM01:On:Status","On","Not On",500,"MOD1:Input0500:Read"
500,"SM01LinePwrOff","SM01:Off:Status","Off","Not Off",501,"MOD1:Input0501:Read"
501,"X0TempNotOK","X0:TempNotOK:Status","Not OK","OK",502,"MOD1:Input0502:Read"
502,"X1Y1TempNotOK","X1Y1:TempNotOK:Status","Not OK","OK",503,"MOD1:Input0503:Read"
503,"xx","InputBlank0480","One","Zero",504,"MOD1:Input0504:Read"
504,"XY2A/XY3A Control Power OK","SM23A:CntlPowerOK:Status","OK","Not OK",505,"MOD1:Input0505:Read"
505,"XY2A/XY3A No Ground Fault","SM23A:GroundFaultOK:Status","OK","Not OK",506,"MOD1:Input0506:Read"
506,"XY2A/XY3A Local Mode","SM23A:Local:Status","Local","Not Local",507,"MOD1:Input0507:Read"
507,"XY2A/XY3A Line Power On","SM23A:On:Status","On","Not On",508,"MOD1:Input0508:Read"
508,"XY2A/XY3A Line Power Off","SM23A:Off:Status","Off","Not Off",509,"MOD1:Input0509:Read"
509,"XY2A Temp Switch Not OK","XY2A:TempSwitchesNotOK:Status","Not OK","OK",510,"MOD1:Input0510:Read"
510,"XY3A Temp Switch Not OK","XY3A:TempSwitchesNotOK:Status","Not OK","OK",511,"MOD1:Input0511:Read"
511,"xx","InputBlank0512","One","Zero",512,"MOD1:Input0512:Read"
512,"PGSWMMech.PumpOn-contact.-","PGSWM:MechPump:On:Status","On","Not On",513,"MOD1:Input0513:Read"
513,"PGSWMMech.PumpOverload","PGSWM:MechPump:Overload:Status","Overload","Not Overload",514,"MOD1:Input0514:Read"
514,"xx","InputBlank0515","One","Zero",515,"MOD1:Input0515:Read"
515,"xx","InputBlank0516","One","Zero",516,"MOD1:Input0516:Read"
516,"xx","InputBlank0517","One","Zero",517,"MOD1:Input0517:Read"
517,"xx","InputBlank0518","One","Zero",518,"MOD1:Input0518:Read"
518,"PGSWMRoughingValveOpen -LS-","PGSWM:RoughingValve:Open:Status","Open","Not Open",519,"MOD1:Input0519:Read"
519,"PGSWMRoughingValveClsd -LS-","PGSWM:RoughingValve:Closed:Status","Closed","Not Closed",520,"MOD1:Input0520:Read"
520,"PGSWMBackingValveOpen -LS-","PGSWM:BackingValve:Open:Status","Open","Not Open",521,"MOD1:Input0521:Read"
521,"PGSWMBackingValveClsd -LS-","PGSWM:BackingValve:Closed:Status","Closed","Not Closed",522,"MOD1:Input0522:Read"
522,"PGSWMHiVacValveOpen -LS-","PGSWM:HiVacValve:Open:Status","Open","Not Open",523,"MOD1:Input0523:Read"
523,"PGSWMHiVacValveClsd -LS-","PGSWM:HiVacValve:Closed:Status","Closed","Not Closed",524,"MOD1:Input0524:Read"
524,"Mod1PS#12OK","MOD1:PowerSupply12Ok:Status","OK","Not OK",525,"MOD1:Input0525:Read"
525,"xx","InputBlank0526","One","Zero",526,"MOD1:Input0526:Read"
526,"xx","InputBlank0527","One","Zero",527,"MOD1:Input0527:Read"
527,"xx","InputBlank0528","One","Zero",528,"MOD1:Input0528:Read"
528,"BeamLineValveA1Open-LS-","BLV:A1:Open:Status","Open","Not Open",529,"MOD1:Input0529:Read"
529,"BeamLineValveA1Clsd-LS-","BLV:A1:Closed:Status","Closed","Not Closed",530,"MOD1:Input0530:Read"
530,"BeamLineValveA2Open-LS-","BLV:A2:Open:Status","Open","Not Open",531,"MOD1:Input0531:Read"
531,"BeamLineValveA2Clsd-LS-","BLV:A2:Closed:Status","Closed","Not Closed",532,"MOD1:Input0532:Read"
532,"BeamLineValveB1Open-LS-","BLV:B1:Open:Status","Open","Not Open",533,"MOD1:Input0533:Read"
533,"BeamLineValveB1Clsd-LS-","BLV:B1:Closed:Status","Closed","Not Closed",534,"MOD1:Input0534:Read"
534,"BeamLineValveB2Open-LS-","BLV:B2:Open:Status","Open","Not Open",535,"MOD1:Input0535:Read"
535,"BeamLineValveB2Clsd-LS-","BLV:B2:Closed:Status","Closed","Not Closed",536,"MOD1:Input0536:Read"
536,"BeamLineValveC1Open-LS-","BLV:C1:Open:Status","Open","Not Open",537,"MOD1:Input0537:Read"
537,"BeamLineValveC1Clsd-LS-","BLV:C1:Closed:Status","Closed","Not Closed",538,"MOD1:Input0538:Read"
538,"BeamLineValveC2Open-LS-","BLV:C2:Open:Status","Open","Not Open",539,"MOD1:Input0539:Read"
539,"BeamLineValveC2Clsd-LS-","BLV:C2:Closed:Status","Closed","Not Closed",540,"MOD1:Input0540:Read"
540,"BeamLineValveZ1Open-LS-","BLV:Z1:Open:Status","Open","Not Open",541,"MOD1:Input0541:Read"
541,"BeamLineValveZ1Clsd-LS-","BLV:Z1:Closed:Status","Closed","Not Closed",542,"MOD1:Input0542:Read"
542,"BeamLineValveZ2Open-LS-","BLV:Z2:Open:Status","Open","Not Open",543,"MOD1:Input0543:Read"
543,"BeamLineValveZ2Clsd-LS-","BLV:Z2:Closed:Status","Closed","Not Closed",544,"MOD1:Input0544:Read"
544,"PGA1Mech.PumpOn-contact.-","PGA1:MechPump:On:Status","On","Not On",545,"MOD1:Input0545:Read"
545,"PGA1Mech.PumpOverload","PGA1:MechPump:Overload:Status","Overload","Not Overload",546,"MOD1:Input0546:Read"
546,"xx","InputBlank0547","One","Zero",547,"MOD1:Input0547:Read"
547,"xx","InputBlank0548","One","Zero",548,"MOD1:Input0548:Read"
548,"xx","InputBlank0549","One","Zero",549,"MOD1:Input0549:Read"
549,"xx","InputBlank0550","One","Zero",550,"MOD1:Input0550:Read"
550,"PGA1RoughingValveOpen-LS-","PGA1:RoughingValve:Open:Status","Open","Not Open",551,"MOD1:Input0551:Read"
551,"PGA1RoughingValveClsd-LS-","PGA1:RoughingValve:Closed:Status","Closed","Not Closed",552,"MOD1:Input0552:Read"
552,"PGA1BackingValveOpen-LS-","PGA1:BackingValve:Open:Status","Open","Not Open",553,"MOD1:Input0553:Read"
553,"PGA1BackingValveClsd-LS-","PGA1:BackingValve:Closed:Status","Closed","Not Closed",554,"MOD1:Input0554:Read"
554,"PGA1HiVacValveOpen-LS-","PGA1:HiVacValve:Open:Status","Open","Not Open",555,"MOD1:Input0555:Read"
555,"PGA1HiVacValveClsd-LS-","PGA1:HiVacValve:Closed:Status","Closed","Not Closed",556,"MOD1:Input0556:Read"
556,"xx","InputBlank0557","One","Zero",557,"MOD1:Input0557:Read"
557,"xx","InputBlank0558","One","Zero",558,"MOD1:Input0558:Read"
558,"xx","InputBlank0559","One","Zero",559,"MOD1:Input0559:Read"
559,"xx","InputBlank0560","One","Zero",560,"MOD1:Input0560:Read"
560,"FaradayCup#1FlowOK","FC1:CoolingFlowOK:Status","OK","Not OK",561,"MOD1:Input0561:Read"
561,"FaradayCup#1Open-LS-","FC1:Open:Status","Open","Not Open",562,"MOD1:Input0562:Read"
562,"FaradayCup#1Clsd_-LS-","FC1:Closed:Status","Closed","Not Closed",563,"MOD1:Input0563:Read"
563,"FaradayCup#2AFlowOK","FC2A:CoolingFlowOK:Status","OK","Not OK",564,"MOD1:Input0564:Read"
564,"FaradayCup#2AOpen-LS-","FC2A:Open:Status","Open","Not Open",565,"MOD1:Input0565:Read"
565,"FaradayCup#2AClsd-LS-","FC2A:Closed:Status","Closed","Not Closed",566,"MOD1:Input0566:Read"
566,"FaradayCup#2BFlowOK","FC2B:CoolingFlowOK:Status","OK","Not OK",567,"MOD1:Input0567:Read"
567,"FaradayCup#2BOpen-LS-","FC2B:Open:Status","Open","Not Open",568,"MOD1:Input0568:Read"
568,"FaradayCup#2BClsd-LS-","FC2B:Closed:Status","Closed","Not Closed",569,"MOD1:Input0569:Read"
569,"FaradayCup#2CFlowOK","FC2C:CoolingFlowOK:Status","OK","Not OK",570,"MOD1:Input0570:Read"
570,"FaradayCup#2COpen-LS-","FC2C:Open:Status","Open","Not Open",571,"MOD1:Input0571:Read"
571,"FaradayCup#2CClsd-LS-","FC2C:Closed:Status","Closed","Not Closed",572,"MOD1:Input0572:Read"
572,"FaradayCup#2ZFlowOK","FC2Z:CoolingFlowOK:Status","OK","Not OK",573,"MOD1:Input0573:Read"
573,"FaradayCup#2ZOpen-LS-","FC2Z:Open:Status","Open","Not Open",574,"MOD1:Input0574:Read"
574,"FaradayCup#2ZClsd_-LS-","FC2Z:Closed:Status","Closed","Not Closed",575,"MOD1:Input0575:Read"
576,"PGB1Mech.PumpOn-contactor-","PGB1:MechPump:On:Status","On","Not On",577,"MOD1:Input0577:Read"
577,"PGB1Mech.PumpOverload-contactor-","PGB1:MechPump:Overload:Status","Overload","Not Overload",578,"MOD1:Input0578:Read"
578,"xx","InputBlank0579","One","Zero",579,"MOD1:Input0579:Read"
579,"xx","InputBlank0580","One","Zero",580,"MOD1:Input0580:Read"
580,"xx","InputBlank0581","One","Zero",581,"MOD1:Input0581:Read"
581,"xx","InputBlank0582","One","Zero",582,"MOD1:Input0582:Read"
582,"PGB1RoughingValveOpen","PGB1:RoughingValve:Open:Status","Open","Not Open",583,"MOD1:Input0583:Read"
583,"PGB1RoughingValveClosed","PGB1:RoughingValve:Closed:Status","Closed","Not Closed",584,"MOD1:Input0584:Read"
584,"PGB1BackingValveOpen","PGB1:BackingValve:Open:Status","Open","Not Open",585,"MOD1:Input0585:Read"
585,"PGB1BackingValveClosed","PGB1:BackingValve:Closed:Status","Closed","Not Closed",586,"MOD1:Input0586:Read"
586,"PGB1HiVacValveOpen","PGB1:HiVacValve:Open:Status","Open","Not Open",587,"MOD1:Input0587:Read"
587,"PGB1HiVacValveClosed","PGB1:HiVacValve:Closed:Status","Closed","Not Closed",588,"MOD1:Input0588:Read"
592,"PGC1Mech.PumpOn-contactor-","PGC1:MechPump:On:Status","On","Not On",593,"MOD1:Input0593:Read"
593,"PGC1Mech.PumpOverload-contactor-","PGC1:MechPump:Overload:Status","Overload","Not Overload",594,"MOD1:Input0594:Read"
594,"xx","InputBlank0595","One","Zero",595,"MOD1:Input0595:Read"
595,"PGC1DiffPumpOn-contactor-","PGC1:DiffPump:On:Status","On","Not On",596,"MOD1:Input0596:Read"
596,"PGC1DiffPumpReady","PGC1:DiffPump:Ready:Status","Ready","Not Ready",597,"MOD1:Input0597:Read"
597,"PGC1DiffPumpFlowOk","PGC1:DiffPumpFlowOK:Status","OK","Not OK",598,"MOD1:Input0598:Read"
598,"PGC1RoughingValveOpen","PGC1:RoughingValve:Open:Status","Open","Not Open",599,"MOD1:Input0599:Read"
599,"PGC1RoughingValveClosed","PGC1:RoughingValve:Closed:Status","Closed","Not Closed",600,"MOD1:Input0600:Read"
600,"PGC1BackingValveOpen","PGC1:BackingValve:Open:Status","Open","Not Open",601,"MOD1:Input0601:Read"
601,"PGC1BackingValveClosed","PGC1:BackingValve:Closed:Status","Closed","Not Closed",602,"MOD1:Input0602:Read"
602,"PGC1HiVacValveOpen","PGC1:HiVacValve:Open:Status","Open","Not Open",603,"MOD1:Input0603:Read"
603,"PGC1HiVacValveClosed","PGC1:HiVacValve:Closed:Status","Closed","Not Closed",604,"MOD1:Input0604:Read"
604,"Quad C Flow OK","Quad:CLine:Flow:OK:Status","One","Zero",605,"MOD1:Input0605:Read"
605,"Target C Flow OK","Target:CLine:Flow:OK:Status","One","Zero",606,"MOD1:Input0606:Read"
606,"xx","InputBlank0607","One","Zero",607,"MOD1:Input0607:Read"
607,"xx","InputBlank0608","One","Zero",608,"MOD1:Input0608:Read"
608,"PGZ1ScrollPumpOn","PGZ1:ScrollPump:On:Status","On","Not On",609,"MOD1:Input0609:Read"
609,"PGZ1MechPumpOverload","PGZ1:MechPump:Overload:Status","Overload","Not Overload",610,"MOD1:Input0610:Read"
610,"xx","InputBlank0611","One","Zero",611,"MOD1:Input0611:Read"
611,"Mod1PS-2324VOK","MOD1:PS2324VOk:Status","OK","Not OK",612,"MOD1:Input0612:Read"
612,"xx","InputBlank0613","One","Zero",613,"MOD1:Input0613:Read"
613,"TargetZVac.OK-Pirani-","PGTARZ:PiraniVac:Ok:Status","Ok","Not Ok",614,"MOD1:Input0614:Read"
614,"PGZ1RoughingValveOpen","PGZ1:RoughingValve:Open:Status","Open","Not Open",615,"MOD1:Input0615:Read"
615,"PGZ1RoughingValveClsd","PGZ1:RoughingValve:Closed:Status","Closed","Not Closed",616,"MOD1:Input0616:Read"
616,"PGZ1BackingValveOpen","PGZ1:BackingValve:Open:Status","Open","Not Open",617,"MOD1:Input0617:Read"
617,"PGZ1BackingValveClsd","PGZ1:BackingValve:Closed:Status","Closed","Not Closed",618,"MOD1:Input0618:Read"
618,"PGZ1HiVacValveOpen","PGZ1:HiVacValve:Open:Status","Open","Not Open",619,"MOD1:Input0619:Read"
619,"PGZ1HiVacValveClsd","PGZ1:HiVacValve:Closed:Status","Closed","Not Closed",620,"MOD1:Input0620:Read"
620,"TargetZScrollPumpOn","PGTARZ:ScrollPump:On:Status","On","Not On",621,"MOD1:Input0621:Read"
621,"TargetZScrollPumpOverload","PGTARZ:ScrollPump:Overload:Status","Overload","Not Overload",622,"MOD1:Input0622:Read"
622,"TargetZPumpValveOpen","PGTARZ:PumpValve:Open:Status","Open","Not Open",623,"MOD1:Input0623:Read"
623,"TargetZPumpValveClsd","PGTARZ:PumpValve:Closed:Status","Closed","Not Closed",624,"MOD1:Input0624:Read"
624,"TargetZPlateinPosition","PGTARZ:PlateInPosition:Status","One","Zero",625,"MOD1:Input0625:Read"
625,"TargetZFlowOK","PGTARZ:Flow:Ok:Status","Ok","Not Ok",626,"MOD1:Input0626:Read"
626,"TargetZQuad.FlowOK","PGTARZ:Quad:Flow:Ok:Status","Ok","Not Ok",627,"MOD1:Input0627:Read"
627,"TargetZJawAirPress.OK","PGTARZ:Jaw:AirPress:Ok:Status","Ok","Not Ok",628,"MOD1:Input0628:Read"
628,"OpenBLVZ2PB","PGTARZ:BLVZ2OpenPB:Status","Pushed","Not Pushed",629,"MOD1:Input0629:Read"
629,"CloseBLVZ2PB","PGTARZ:BLVZ2ClosePB:Status","Pushed","Not Pushed",630,"MOD1:Input0630:Read"
630,"OpenTargetZVentValvePB","PGTARZ:VentValveOpenPB:Status","Pushed","Not Pushed",631,"MOD1:Input0631:Read"
631,"CloseTargetZVentValvePB","PGTARZ:VentValveClosePB:Status","Pushed","Not Pushed",632,"MOD1:Input0632:Read"
632,"TargetZWaterOnPB","PGTARZ:WaterPB:Status","Pushed","Not Pushed",633,"MOD1:Input0633:Read"
633,"TargetZWaterOff/OpenAirPB","PGTARZ:WaterOpenAirPB:Status","Pushed","Not Pushed",634,"MOD1:Input0634:Read"
634,"xx","InputBlank0635","One","Zero",635,"MOD1:Input0635:Read"
635,"xx","InputBlank0636","One","Zero",636,"MOD1:Input0636:Read"
636,"TargetZPumpDownPB","PGTARZ:PumpDownPB:Status","Pushed","Not Pushed",637,"MOD1:Input0637:Read"
637,"TargetZPumpOffPB","PGTARZ:PumpTurnOffPB:Status","Pushed","Not Pushed",638,"MOD1:Input0638:Read"
638,"TargetZOpenJawPB","PGTARZ:OpenJawPB:Status","Pushed","Not Pushed",639,"MOD1:Input0639:Read"
639,"TargetZCloseJawPB","PGTARZ:CloseJawPB:Status","Pushed","Not Pushed",640,"MOD1:Input0640:Read"
640,"PG1MPOn-contactor-","PG1:MechPump:On:Status","On","Not On",641,"MOD1:Input0641:Read"
641,"PG1MPOverload-contactor-","PG1:MechPump:Overload:Status","Overload","Not Overload",642,"MOD1:Input0642:Read"
643,"PG1DPOn-contactor-","PG1:DiffPump:On:Status","On","Not On",644,"MOD1:Input0644:Read"
644,"PG1DPReady","PG1:DiffPump:Ready:Status","Ready","Not Ready",645,"MOD1:Input0645:Read"
645,"PG1DPFlowOK","PG1:DiffPump:FlowOk:Status","Ok","Not Ok",646,"MOD1:Input0646:Read"
646,"PG1BaffleFlowOK","PG1:BaffleFlow:Ok:Status","Ok","Not Ok",647,"MOD1:Input0647:Read"
647,"xx","InputBlank0648","One","Zero",648,"MOD1:Input0648:Read"
648,"PG1RoughingValveOpen","PG1:RoughingValve:Open:Status","Open","Not Open",649,"MOD1:Input0649:Read"
649,"PG1RoughingValveClosed","PG1:RoughingValve:Closed:Status","Closed","Not Closed",650,"MOD1:Input0650:Read"
650,"PG1BackingValveOpen","PG1:BackingValve:Open:Status","Open","Not Open",651,"MOD1:Input0651:Read"
651,"PG1BackingValveClosed","PG1:BackingValve:Closed:Status","Closed","Not Closed",652,"MOD1:Input0652:Read"
652,"PG1HiVacValveOpen","PG1:HiVacValve:Open:Status","Open","Not Open",653,"MOD1:Input0653:Read"
653,"PG1HiVacValveClosed","PG1:HiVacValve:Closed:Status","Closed","Not Closed",654,"MOD1:Input0654:Read"
654,"ServicePumpOn-contactor-","InputBlank0655","One","Zero",655,"MOD1:Input0655:Read"
655,"ServicePumpOverload-contactor-","InputBlank0656","One","Zero",656,"MOD1:Input0656:Read"
656,"PG2Mech.PumpOn-contactor-","PG2:MechPump:On:Status","On","Not On",657,"MOD1:Input0657:Read"
657,"PG2Mech.PuumpOverload ","PG2:MechPump:Overload:Status","Overload","Not Overload",658,"MOD1:Input0658:Read"
659,"PG2Diff.PumpOn-contactor-","PG2:DiffPump:On:Status","On","Not On",660,"MOD1:Input0660:Read"
660,"PG2Diff.PumpReady-temp.sw-","PG2:DiffPump:Ready:Status","Ready","Not Ready",661,"MOD1:Input0661:Read"
661,"PG2Diff. PumpFlowOK","PG2:DiffPump:FlowOk:Status","Ok","Not Ok",662,"MOD1:Input0662:Read"
662,"PG2BaffleFlowOK","PG2:BaffleFlow:Ok:Status","Ok","Not Ok",663,"MOD1:Input0663:Read"
663,"Mod1PS-1124VOK","MOD1:PS1124VOk:Status","One","Zero",664,"MOD1:Input0664:Read"
664,"PG2BackingValveOpen","PG2:BackingValve:Open:Status","Open","Not Open",665,"MOD1:Input0665:Read"
665,"PG2BackingValveClosed","PG2:BackingValve:Closed:Status","Closed","Not Closed",666,"MOD1:Input0666:Read"
666,"PG2HiVacValveOpen","PG2:HiVacValve:Open:Status","Open","Not Open",667,"MOD1:Input0667:Read"
667,"PG2HiVacValveClosed","PG2:HiVacValve:Closed:Status","Closed","Not Closed",668,"MOD1:Input0668:Read"
668,"BeamExitValveOpen","BEV:Open:Status","One","Zero",669,"MOD1:Input0669:Read"
669,"BeamExitValveClosed","BEV:Closed:Status","One","Zero",670,"MOD1:Input0670:Read"
670,"Defl.ProbeFlowOK-FS-","DeflProbe:FlowOk:Status","One","Zero",671,"MOD1:Input0671:Read"
671,"xx","InputBlank0672","One","Zero",672,"MOD1:Input0672:Read"
672,"TurnOnServicePumpPB","SVP:TurnOnPB:Status","Pushed","Not Pushed",673,"MOD1:Input0673:Read"
673,"TurnOffServicePumpPB","SVP:TurnOffPB:Status","Pushed","Not Pushed",674,"MOD1:Input0674:Read"
674,"xx","InputBlank0675","One","Zero",675,"MOD1:Input0675:Read"
675,"xx","InputBlank0676","One","Zero",676,"MOD1:Input0676:Read"
676,"xx","InputBlank0677","One","Zero",677,"MOD1:Input0677:Read"
677,"xx","InputBlank0678","One","Zero",678,"MOD1:Input0678:Read"
678,"xx","InputBlank0679","One","Zero",679,"MOD1:Input0679:Read"
679,"xx","InputBlank0680","One","Zero",680,"MOD1:Input0680:Read"
680,"xx","InputBlank0681","One","Zero",681,"MOD1:Input0681:Read"
681,"xx","InputBlank0682","One","Zero",682,"MOD1:Input0682:Read"
682,"xx","InputBlank0683","One","Zero",683,"MOD1:Input0683:Read"
683,"xx","InputBlank0684","One","Zero",684,"MOD1:Input0684:Read"
684,"xx","InputBlank0685","One","Zero",685,"MOD1:Input0685:Read"
685,"xx","InputBlank0686","One","Zero",686,"MOD1:Input0686:Read"
686,"xx","InputBlank0687","One","Zero",687,"MOD1:Input0687:Read"
687,"xx","InputBlank0688","One","Zero",688,"MOD1:Input0688:Read"
688,"Row1PBPushed","CCC:Row1PB:Pushed","Pushed","Not Pushed",689,"MOD1:Input0689:Read"
689,"Row2PBPushed","CCC:Row2PB:Pushed","Pushed","Not Pushed",690,"MOD1:Input0690:Read"
690,"Row3PBPushed","CCC:Row3PB:Pushed","Pushed","Not Pushed",691,"MOD1:Input0691:Read"
691,"Row4PBPushed","CCC:Row4PB:Pushed","Pushed","Not Pushed",692,"MOD1:Input0692:Read"
692,"Row5PBPushed","CCC:Row5PB:Pushed","Pushed","Not Pushed",693,"MOD1:Input0693:Read"
693,"Row6PBPushed","CCC:Row6PB:Pushed","Pushed","Not Pushed",694,"MOD1:Input0694:Read"
694,"xx","InputBlank0695","One","Zero",695,"MOD1:Input0695:Read"
695,"xx","InputBlank0696","One","Zero",696,"MOD1:Input0696:Read"
696,"Col 1 PB Pushed","CCC:Col1PB:Pushed","Pushed","Not Pushed",697,"MOD1:Input0697:Read"
697,"Col 2 PB Pushed","CCC:Col2PB:Pushed","Pushed","Not Pushed",698,"MOD1:Input0698:Read"
698,"Col 3 PB Pushed","CCC:Col3PB:Pushed","Pushed","Not Pushed",699,"MOD1:Input0699:Read"
699,"Col 4 PB Pushed","CCC:Col4PB:Pushed","Pushed","Not Pushed",700,"MOD1:Input0700:Read"
700,"Col 5 PB Pushed","CCC:Col5PB:Pushed","Pushed","Not Pushed",701,"MOD1:Input0701:Read"
701,"Col 6 PB Pushed","CCC:Col6PB:Pushed","Pushed","Not Pushed",702,"MOD1:Input0702:Read"
702,"xx","InputBlank0703","One","Zero",703,"MOD1:Input0703:Read"
703,"xx","InputBlank0704","One","Zero",704,"MOD1:Input0704:Read"
704,"Cathode Sel. Switch @ N=1","Source:Arc:CathodeN1Select:Status","N1","Not N1",705,"MOD1:Input0705:Read"
705,"Cathode Sel. Switch @ N=2","Source:Arc:CathodeN2Select:Status","N2","Not N2",706,"MOD1:Input0706:Read"
706,"NW Yoke Pin Removed","CYC:NWYokePinRemoved:Status","Removed","Not Removed",707,"MOD1:Input0707:Read"
707,"NE Yoke Pin Removed","CYC:NEYokePinRemoved:Status","Removed","Not Removed",708,"MOD1:Input0708:Read"
708,"SE Yoke Pin Removed","CYC:SEYokePinRemoved:Status","Removed","Not Removed",709,"MOD1:Input0709:Read"
709,"SW Yoke Pin Removed","CYC:SWYokePinRemoved:Status","Removed","Not Removed",710,"MOD1:Input0710:Read"
710,"xx","InputBlank0711","One","Zero",711,"MOD1:Input0711:Read"
711,"xx","InputBlank0712","One","Zero",712,"MOD1:Input0712:Read"
712,"MPPC Off Status","MPPC:Off:Status","Off","Not Off",713,"MOD1:Input0713:Read"
713,"MPPC On Status","MPPC:On:Status","On","Not On",714,"MOD1:Input0714:Read"
714,"Main Probe Valve Not Open","MPPC:ValveNotOpen:Status","Not Open","Closed",715,"MOD1:Input0715:Read"
715,"Main Probe Cooking OK","MPPC:CoolingOK:Status","OK","Not OK",716,"MOD1:Input0716:Read"
716,"Main Probe @ Outer Limit","MPPC:OuterLimit:Status","@ Outer Limit","Not @ Outer Limit",717,"MOD1:Input0717:Read"
717,"Main Probe @ Inner Limit","MPPC:InnerLimit:Status","@ Inner Limit","Not @ Inner Limit",718,"MOD1:Input0718:Read"
718,"xx","InputBlank0719","One","Zero",719,"MOD1:Input0719:Read"
719,"xx","InputBlank0720","One","Zero",720,"MOD1:Input0720:Read"
720,"xx","InputBlank0721","One","Zero",721,"MOD1:Input0721:Read"
721,"xx","InputBlank0722","One","Zero",722,"MOD1:Input0722:Read"
722,"xx","InputBlank0723","One","Zero",723,"MOD1:Input0723:Read"
723,"xx","InputBlank0724","One","Zero",724,"MOD1:Input0724:Read"
724,"xx","InputBlank0725","One","Zero",725,"MOD1:Input0725:Read"
725,"xx","InputBlank0726","One","Zero",726,"MOD1:Input0726:Read"
726,"xx","InputBlank0727","One","Zero",727,"MOD1:Input0727:Read"
727,"xx","InputBlank0728","One","Zero",728,"MOD1:Input0728:Read"
728,"xx","InputBlank0729","One","Zero",729,"MOD1:Input0729:Read"
729,"xx","InputBlank0730","One","Zero",730,"MOD1:Input0730:Read"
730,"xx","InputBlank0731","One","Zero",731,"MOD1:Input0731:Read"
731,"xx","InputBlank0732","One","Zero",732,"MOD1:Input0732:Read"
732,"xx","InputBlank0733","One","Zero",733,"MOD1:Input0733:Read"
733,"xx","InputBlank0734","One","Zero",734,"MOD1:Input0734:Read"
734,"xx","InputBlank0735","One","Zero",735,"MOD1:Input0735:Read"
735,"xx","InputBlank0736","One","Zero",736,"MOD1:Input0736:Read"
736,"PGA2 Mech. Pump On -contactor-","PGA2:MechPump:On:Status","On","Not On",737,"MOD1:Input0737:Read"
737,"PGA2 Mech. Pump Overload -contactor-","PGA2:MechPump:Overload:Status","Overload","Not Overload",738,"MOD1:Input0738:Read"
738,"xx","InputBlank0739","One","Zero",739,"MOD1:Input0739:Read"
739,"xx","InputBlank0740","One","Zero",740,"MOD1:Input0740:Read"
740,"xx","InputBlank0741","One","Zero",741,"MOD1:Input0741:Read"
741,"xx","InputBlank0742","One","Zero",742,"MOD1:Input0742:Read"
742,"PGA2 Roughing Valve Open -LS-","PGA2:RoughingValve:Open:Status","Open","Not Open",743,"MOD1:Input0743:Read"
743,"PGA2 Roughing Valve Clsd -LS-","PGA2:RoughingValve:Closed:Status","Closed","Not Closed",744,"MOD1:Input0744:Read"
744,"PGA2 Backing Valve Open -LS-","PGA2:BackingValve:Open:Status","Open","Not Open",745,"MOD1:Input0745:Read"
745,"PGA2 Backing Valve Clsd -LS-","PGA2:BackingValve:Closed:Status","Closed","Not Closed",746,"MOD1:Input0746:Read"
746,"PGA2 Hi Vac Valve Open -LS-","PGA2:HiVacValve:Open:Status","Open","Not Open",747,"MOD1:Input0747:Read"
747,"PGA2 Hi Vac Valve Clsd -LS-","PGA2:HiVacValve:Closed:Status","Closed","Not Closed",748,"MOD1:Input0748:Read"
752,"Faraday Cup 3A Open -LS-","FC3A:Open:Status","Open","Not Open",753,"MOD1:Input0753:Read"
753,"Faraday Cup 3A Clsd -LS-","FC3A:Closed:Status","Closed","Not Closed",754,"MOD1:Input0754:Read"
754,"Faraday Cup 3A Cooling Flow OK-","FC3A:CoolingFlowOK:Status","Ok","Not Ok",755,"MOD1:Input0755:Read"
755,"xx","InputBlank0756","One","Zero",756,"MOD1:Input0756:Read"
756,"xx","InputBlank0757","One","Zero",757,"MOD1:Input0757:Read"
757,"xx","InputBlank0758","One","Zero",758,"MOD1:Input0758:Read"
758,"xx","InputBlank0759","One","Zero",759,"MOD1:Input0759:Read"
759,"Mod1 PS-31 24 V OK","MOD1:PS3124VOK:Status","OK","Not OK",760,"MOD1:Input0760:Read"
760,"Basic Cyc. Safety OK","CYC:BasicSafetyOK:Status","OK","Not OK",761,"MOD1:Input0761:Read"
761,"xx","InputBlank0762","One","Zero",762,"MOD1:Input0762:Read"
762,"xx","InputBlank0763","One","Zero",763,"MOD1:Input0763:Read"
763,"xx","InputBlank0764","One","Zero",764,"MOD1:Input0764:Read"
764,"xx","InputBlank0765","One","Zero",765,"MOD1:Input0765:Read"
765,"xx","InputBlank0766","One","Zero",766,"MOD1:Input0766:Read"
766,"xx","InputBlank0767","One","Zero",767,"MOD1:Input0767:Read"
767,"xx","InputBlank0768","One","Zero",768,"MOD1:Input0768:Read"
768,"PGB2 Mech. Pump On","PGB2:MechPump:On:Status","One","Zero",769,"MOD1:Input0769:Read"
769,"PGB2 Mech. Pump Overload","PGB2:MechPump:Overload:Status","Overload","Not Overload",770,"MOD1:Input0770:Read"
770,"xx","InputBlank0771","One","Zero",771,"MOD1:Input0771:Read"
771,"xx","InputBlank0772","One","Zero",772,"MOD1:Input0772:Read"
772,"xx","InputBlank0773","One","Zero",773,"MOD1:Input0773:Read"
773,"xx","InputBlank0774","One","Zero",774,"MOD1:Input0774:Read"
774,"PGB2 Roughing Valve Open","PGB2:RoughingValve:Open:Status","Open","Not Open",775,"MOD1:Input0775:Read"
775,"PGB2 Roughing Valve Clsd","PGB2:RoughingValve:Closed:Status","Closed","Not Closed",776,"MOD1:Input0776:Read"
776,"PGB2 Backing Valve Open","PGB2:BackingValve:Open:Status","Open","Not Open",777,"MOD1:Input0777:Read"
777,"PGB2 Backing Valve Clsd","PGB2:BackingValve:Closed:Status","Closed","Not Closed",778,"MOD1:Input0778:Read"
778,"PGB2 Hi Vac Valve Open","PGB2:HiVacValve:Open:Status","Open","Not Open",779,"MOD1:Input0779:Read"
779,"PGB2 Hi Vac Valve Clsd","PGB2:HiVacValve:Closed:Status","Closed","Not Closed",780,"MOD1:Input0780:Read"
780,"xx","InputBlank0781","One","Zero",781,"MOD1:Input0781:Read"
781,"xx","InputBlank0782","One","Zero",782,"MOD1:Input0782:Read"
782,"xx","InputBlank0783","One","Zero",783,"MOD1:Input0783:Read"
783,"xx","InputBlank0784","One","Zero",784,"MOD1:Input0784:Read"
784,"Target C and Lab Ready","TARGC:LabReady:Status","Ready","Not Ready",785,"MOD1:Input0785:Read"
785,"xx","InputBlank0786","One","Zero",786,"MOD1:Input0786:Read"
786,"xx","InputBlank0787","One","Zero",787,"MOD1:Input0787:Read"
787,"xx","InputBlank0788","One","Zero",788,"MOD1:Input0788:Read"
788,"xx","InputBlank0789","One","Zero",789,"MOD1:Input0789:Read"
789,"xx","InputBlank0790","One","Zero",790,"MOD1:Input0790:Read"
790,"xx","InputBlank0791","One","Zero",791,"MOD1:Input0791:Read"
791,"xx","InputBlank0792","One","Zero",792,"MOD1:Input0792:Read"
792,"xx","InputBlank0793","One","Zero",793,"MOD1:Input0793:Read"
793,"xx","InputBlank0794","One","Zero",794,"MOD1:Input0794:Read"
794,"xx","InputBlank0795","One","Zero",795,"MOD1:Input0795:Read"
795,"xx","InputBlank0796","One","Zero",796,"MOD1:Input0796:Read"
796,"xx","InputBlank0797","One","Zero",797,"MOD1:Input0797:Read"
797,"xx","InputBlank0798","One","Zero",798,"MOD1:Input0798:Read"
798,"xx","InputBlank0799","One","Zero",799,"MOD1:Input0799:Read"
799,"Mod1 PS-22 24 V OK","MOD1:PS2224VOK:Status","One","Zero",800,"MOD1:Input0800:Read"
800,"xx","InputBlank0801","One","Zero",801,"MOD1:Input0801:Read"
801,"xx","InputBlank0802","One","Zero",802,"MOD1:Input0802:Read"
802,"xx","InputBlank0803","One","Zero",803,"MOD1:Input0803:Read"
803,"xx","InputBlank0804","One","Zero",804,"MOD1:Input0804:Read"
804,"xx","InputBlank0805","One","Zero",805,"MOD1:Input0805:Read"
805,"xx","InputBlank0806","One","Zero",806,"MOD1:Input0806:Read"
806,"xx","InputBlank0807","One","Zero",807,"MOD1:Input0807:Read"
807,"xx","InputBlank0808","One","Zero",808,"MOD1:Input0808:Read"
808,"xx","InputBlank0809","One","Zero",809,"MOD1:Input0809:Read"
809,"xx","InputBlank0810","One","Zero",810,"MOD1:Input0810:Read"
810,"xx","InputBlank0811","One","Zero",811,"MOD1:Input0811:Read"
811,"xx","InputBlank0812","One","Zero",812,"MOD1:Input0812:Read"
812,"xx","InputBlank0813","One","Zero",813,"MOD1:Input0813:Read"
813,"xx","InputBlank0814","One","Zero",814,"MOD1:Input0814:Read"
814,"xx","InputBlank0815","One","Zero",815,"MOD1:Input0815:Read"
815,"xx","InputBlank0816","One","Zero",816,"MOD1:Input0816:Read"
816,"xx","InputBlank0817","One","Zero",817,"MOD1:Input0817:Read"
817,"xx","InputBlank0818","One","Zero",818,"MOD1:Input0818:Read"
818,"xx","InputBlank0819","One","Zero",819,"MOD1:Input0819:Read"
819,"xx","InputBlank0820","One","Zero",820,"MOD1:Input0820:Read"
820,"xx","InputBlank0821","One","Zero",821,"MOD1:Input0821:Read"
821,"xx","InputBlank0822","One","Zero",822,"MOD1:Input0822:Read"
822,"xx","InputBlank0823","One","Zero",823,"MOD1:Input0823:Read"
823,"xx","InputBlank0824","One","Zero",824,"MOD1:Input0824:Read"
824,"xx","InputBlank0825","One","Zero",825,"MOD1:Input0825:Read"
825,"xx","InputBlank0826","One","Zero",826,"MOD1:Input0826:Read"
826,"xx","InputBlank0827","One","Zero",827,"MOD1:Input0827:Read"
827,"xx","InputBlank0828","One","Zero",828,"MOD1:Input0828:Read"
828,"xx","InputBlank0829","One","Zero",829,"MOD1:Input0829:Read"
829,"xx","InputBlank0830","One","Zero",830,"MOD1:Input0830:Read"
830,"xx","InputBlank0831","One","Zero",831,"MOD1:Input0831:Read"
831,"xx","InputBlank0832","One","Zero",832,"MOD1:Input0832:Read"
832,"xx","InputBlank0833","One","Zero",833,"MOD1:Input0833:Read"
833,"xx","InputBlank0834","One","Zero",834,"MOD1:Input0834:Read"
834,"xx","InputBlank0835","One","Zero",835,"MOD1:Input0835:Read"
835,"xx","InputBlank0836","One","Zero",836,"MOD1:Input0836:Read"
836,"xx","InputBlank0837","One","Zero",837,"MOD1:Input0837:Read"
837,"xx","InputBlank0838","One","Zero",838,"MOD1:Input0838:Read"
838,"xx","InputBlank0839","One","Zero",839,"MOD1:Input0839:Read"
839,"xx","InputBlank0840","One","Zero",840,"MOD1:Input0840:Read"
840,"xx","InputBlank0841","One","Zero",841,"MOD1:Input0841:Read"
841,"xx","InputBlank0842","One","Zero",842,"MOD1:Input0842:Read"
842,"xx","InputBlank0843","One","Zero",843,"MOD1:Input0843:Read"
843,"xx","InputBlank0844","One","Zero",844,"MOD1:Input0844:Read"
844,"xx","InputBlank0845","One","Zero",845,"MOD1:Input0845:Read"
845,"xx","InputBlank0846","One","Zero",846,"MOD1:Input0846:Read"
846,"xx","InputBlank0847","One","Zero",847,"MOD1:Input0847:Read"
848,"xx","InputBlank0849","One","Zero",849,"MOD1:Input0849:Read"
849,"xx","InputBlank0850","One","Zero",850,"MOD1:Input0850:Read"
850,"xx","InputBlank0851","One","Zero",851,"MOD1:Input0851:Read"
851,"xx","InputBlank0852","One","Zero",852,"MOD1:Input0852:Read"
852,"xx","InputBlank0853","One","Zero",853,"MOD1:Input0853:Read"
853,"xx","InputBlank0854","One","Zero",854,"MOD1:Input0854:Read"
854,"xx","InputBlank0855","One","Zero",855,"MOD1:Input0855:Read"
855,"xx","InputBlank0856","One","Zero",856,"MOD1:Input0856:Read"
856,"xx","InputBlank0857","One","Zero",857,"MOD1:Input0857:Read"
857,"xx","InputBlank0858","One","Zero",858,"MOD1:Input0858:Read"
858,"xx","InputBlank0859","One","Zero",859,"MOD1:Input0859:Read"
859,"xx","InputBlank0860","One","Zero",860,"MOD1:Input0860:Read"
860,"xx","InputBlank0861","One","Zero",861,"MOD1:Input0861:Read"
861,"xx","InputBlank0862","One","Zero",862,"MOD1:Input0862:Read"
862,"xx","InputBlank0863","One","Zero",863,"MOD1:Input0863:Read"
863,"xx","InputBlank0864","One","Zero",864,"MOD1:Input0864:Read"
864,"SSPS-1 Gnd Fault Detector OK","SAFETY:PS1GndFltDetectorOK:Status","OK","Not OK",865,"MOD1:Input0865:Read"
865,"SSPS-2 Gnd Fault Detector OK","SAFETY:PS2GndFltDetectorOK:Status","OK","Not OK",866,"MOD1:Input0866:Read"
866,"SSPS-3 Gnd Fault Detector OK","SAFETY:PS3GndFltDetectorOK:Status","OK","Not OK",867,"MOD1:Input0867:Read"
867,"xx","InputBlank0868","One","Zero",868,"MOD1:Input0868:Read"
868,"xx","InputBlank0869","One","Zero",869,"MOD1:Input0869:Read"
869,"Reset PB Incon. Depressed","CCC:InconResetPB:Status","Pushed","Not Pushed",870,"MOD1:Input0870:Read"
870,"xx","InputBlank0871","One","Zero",871,"MOD1:Input0871:Read"
871,"xx","InputBlank0872","One","Zero",872,"MOD1:Input0872:Read"
872,"SSPS-2 24 Volt OK","SAFETY:PS224VoltOK:Status","OK","Not OK",873,"MOD1:Input0873:Read"
873,"Line A Treat Not Selected","CCC:LineATreatNotSelected:Status","Not Selected","Selected",874,"MOD1:Input0874:Read"
874,"Line A Test Not Selected","CCC:LineATestNotSelected:Status","Not Selected","Selected",875,"MOD1:Input0875:Read"
875,"Line B Treat Not Selected","CCC:LineBTreatNotSelected:Status","Not Selected","Selected",876,"MOD1:Input0876:Read"
876,"Line B Test Not Selected","CCC:LineBTestNotSelected:Status","Not Selected","Selected",877,"MOD1:Input0877:Read"
877,"0 Line Not Selected","CCC:Line0TestNotSelected:Status","Not Selected","Selected",878,"MOD1:Input0878:Read"
878,"Line C Not Selected","CCC:LineCTestNotSelected:Status","Not Selected","Selected",879,"MOD1:Input0879:Read"
879,"xx","InputBlank0880","One","Zero",880,"MOD1:Input0880:Read"
880,"Dosim. Channel A1 Not OK","CCC:DosimChannelA1NotOK:Status","OK","Not OK",881,"MOD1:Input0881:Read"
881,"Dosim. Channel A2 Not OK","CCC:DosimChannelA2NotOK:Status","OK","Not OK",882,"MOD1:Input0882:Read"
882,"Therapy Sum Relay A Not OK","CCC:TherapySumRelayNotOK:Status","OK","Not OK",883,"MOD1:Input0883:Read"
883,"xx","InputBlank0884","One","Zero",884,"MOD1:Input0884:Read"
884,"xx","InputBlank0885","One","Zero",885,"MOD1:Input0885:Read"
885,"RF Maint. Key Normal","RF:MaintKeyNormal:Status","Normal","Not Normal",886,"MOD1:Input0886:Read"
886,"RF Maint. Key in Maint.","RF:MaintKeyInMaint:Status","In Maint","Maint",887,"MOD1:Input0887:Read"
887,"RF On High Power Mode","RF:HiPowerModeOn:Status","On","Not On",888,"MOD1:Input0888:Read"
888,"xx","InputBlank0889","One","Zero",889,"MOD1:Input0889:Read"
889,"xx","InputBlank0890","One","Zero",890,"MOD1:Input0890:Read"
890,"Therapy Sum Relay B Not OK","CCC:TherapySumRelayBNotOK:Status","Not OK","OK",891,"MOD1:Input0891:Read"
891,"Safety OK In Line B -RE 10-","SAFETY:LineARe8OK:Status","OK","Not OK",892,"MOD1:Input0892:Read"
892,"Safety OK In Line B -RE 11-","SAFETY:LineARe9OK:Status","OK","Not OK",893,"MOD1:Input0893:Read"
893,"Reset PB Cyc. WD Pushed","CCC:CycWDPBPushed:Status","Pushed","Not Pushed",894,"MOD1:Input0894:Read"
894,"Reset PB Therapy A WD Pushed","CCC:TherapyAWDResetPushed:Status","Pushed","Not Pushed",895,"MOD1:Input0895:Read"
895,"Reset PB Therapy B WD Pushed","CCC:TherapyBWDResetPushed:Status","Pushed","Not Pushed",896,"MOD1:Input0896:Read"
896,"Mag. Display PB Pushed","CCC:MagDisplayPB:Status","Pushed","Not Pushed",897,"MOD1:Input0897:Read"
897,"RF DC Display PB Pushed","CCC:RFDCDisplayPB:Status","Pushed","Not Pushed",898,"MOD1:Input0898:Read"
898,"Ion Source Display PB Pushed","CCC:IonSourceDisplayPB:Status","Pushed","Not Pushed",899,"MOD1:Input0899:Read"
899,"Extract Display PB Pushed","CCC:ExtractDisplayPB:Status","Pushed","Not Pushed",900,"MOD1:Input0900:Read"
900,"Beam Diag. PB Pushed","CCC:BeamDiagDisplayPB:Status","Pushed","Not Pushed",901,"MOD1:Input0901:Read"
901,"Vac. Display PB Pushed","CCC:VacDisplayPB:Status","Pushed","Not Pushed",902,"MOD1:Input0902:Read"
902,"Bmln to FC1 Display PB Pushed","CCC:BmlnToFC1DisplayPB:Status","Pushed","Not Pushed",903,"MOD1:Input0903:Read"
903,"FC1 to Tgt Display PB Pushed","CCC:FC1ToTgtDisplayPB:Status","Pushed","Not Pushed",904,"MOD1:Input0904:Read"
904,"Cooling Display PB Pushed","CCC:CoolingDisplayPB:Status","Pushed","Not Pushed",905,"MOD1:Input0905:Read"
905,"Therapy Display PB Pushed","CCC:TherapyDisplayPB:Status","Pushed","Not Pushed",906,"MOD1:Input0906:Read"
906,"Spare A Display PB Pushed","CCC:SpareADisplayPB:Status","Pushed","Not Pushed",907,"MOD1:Input0907:Read"
907,"Spare B Display PB Pushed","CCC:SpareBDisplayPB:Status","Pushed","Not Pushed",908,"MOD1:Input0908:Read"
908,"Summary Display PB Pushed","CCC:SummaryDisplayPB:Status","Pushed","Not Pushed",909,"MOD1:Input0909:Read"
909,"RF AC Display PB Pushed","CCC:RFACDisplayPB:Status","Pushed","Not Pushed",910,"MOD1:Input0910:Read"
910,"Vault Safety Display PB Pushed","CCC:VaultSafetyDisplayPB:Status","Pushed","Not Pushed",911,"MOD1:Input0911:Read"
911,"Safety to Tgt A or B PB Pushed","CCC:SafetyToTgtAorBPB:Status","Pushed","Not Pushed",912,"MOD1:Input0912:Read"
912,"Spare RF Display PB Pushed","CCC:SpareRFDisplayPB:Status","Pushed","Not Pushed",913,"MOD1:Input0913:Read"
913,"SB Lvl 1 PB pushed","CCC:StandBy1PB:Status","Pushed","Not Pushed",914,"MOD1:Input0914:Read"
914,"SB Lvl 2 PB pushed","CCC:StandBy2PB:Status","Pushed","Not Pushed",915,"MOD1:Input0915:Read"
915,"Reset PB pushed","CCC:ResetPB:Status","Pushed","Not Pushed",916,"MOD1:Input0916:Read"
916,"xx","InputBlank0917","One","Zero",917,"MOD1:Input0917:Read"
917,"xx","InputBlank0918","One","Zero",918,"MOD1:Input0918:Read"
918,"xx","InputBlank0919","One","Zero",919,"MOD1:Input0919:Read"
919,"xx","InputBlank0920","One","Zero",920,"MOD1:Input0920:Read"
920,"FC 1 In PB pushed","CCC:FC1InPB:Status","Pushed","Not Pushed",921,"MOD1:Input0921:Read"
921,"FC 1 Out PB pushed","CCC:FC1OutPB:Status","Pushed","Not Pushed",922,"MOD1:Input0922:Read"
922,"FC 2 In PB pushed","CCC:FC2InPB:Status","Pushed","Not Pushed",923,"MOD1:Input0923:Read"
923,"FC 2 Out PB pushed","CCC:FC2OutPB:Status","Pushed","Not Pushed",924,"MOD1:Input0924:Read"
924,"FC 3 In PB pushed","CCC:FC3InPB:Status","Pushed","Not Pushed",925,"MOD1:Input0925:Read"
925,"FC 3 Out PB pushed","CCC:FC3OutPB:Status","Pushed","Not Pushed",926,"MOD1:Input0926:Read"
926,"xx","InputBlank0927","One","Zero",927,"MOD1:Input0927:Read"
927,"xx","InputBlank0928","One","Zero",928,"MOD1:Input0928:Read"
928,"xx","InputBlank0929","One","Zero",929,"MOD1:Input0929:Read"
929,"Cyc. Ready Isotope PB Pushed","CCC:CycReadyForIsotope:Status","Pushed","Not Pushed",930,"MOD1:Input0930:Read"
930,"Open Path PB pushed","CCC:OpenBeamPathPB:Status","Pushed","Not Pushed",931,"MOD1:Input0931:Read"
931,"Close Path PB pushed","CCC:CloseBeamPathPB:Status","Pushed","Not Pushed",932,"MOD1:Input0932:Read"
932,"xx","InputBlank0933","One","Zero",933,"MOD1:Input0933:Read"
933,"Def. Probe Internal PB pushed","CCC:DeflProbeInternalPB:Status","Pushed","Not Pushed",934,"MOD1:Input0934:Read"
934,"Def. Probe External PB pushed","CCC:DeflProbeExternalPB:Status","Pushed","Not Pushed",935,"MOD1:Input0935:Read"
935,"Def. Probe Out PB pushed","CCC:DeflProbeOutPB:Status","Pushed","Not Pushed",936,"MOD1:Input0936:Read"
936,"Dose Rate Servo PB pushed","CCC:DoseRateServoOffPB:Status","Pushed","Not Pushed",937,"MOD1:Input0937:Read"
937,"Coil 10 Tracking #1","CC:Coil10:Tracking1:Status","One","Zero",938,"MOD1:Input0938:Read"
938,"Coil 10 Tracking #2","CC:Coil10:Tracking2:Status","One","Zero",939,"MOD1:Input0939:Read"
939,"Coil 10 Tracking #3","CC:Coil10:Tracking3:Status","One","Zero",940,"MOD1:Input0940:Read"
940,"xx","InputBlank0941","One","Zero",941,"MOD1:Input0941:Read"
941,"xx","InputBlank0942","One","Zero",942,"MOD1:Input0942:Read"
942,"xx","InputBlank0943","One","Zero",943,"MOD1:Input0943:Read"
943,"xx","InputBlank0944","One","Zero",944,"MOD1:Input0944:Read"
944,"xx","InputBlank0945","One","Zero",945,"MOD1:Input0945:Read"
945,"xx","InputBlank0946","One","Zero",946,"MOD1:Input0946:Read"
946,"xx","InputBlank0947","One","Zero",947,"MOD1:Input0947:Read"
947,"xx","InputBlank0948","One","Zero",948,"MOD1:Input0948:Read"
948,"xx","InputBlank0949","One","Zero",949,"MOD1:Input0949:Read"
949,"xx","InputBlank0950","One","Zero",950,"MOD1:Input0950:Read"
950,"xx","InputBlank0951","One","Zero",951,"MOD1:Input0951:Read"
951,"xx","InputBlank0952","One","Zero",952,"MOD1:Input0952:Read"
952,"xx","InputBlank0953","One","Zero",953,"MOD1:Input0953:Read"
953,"xx","InputBlank0954","One","Zero",954,"MOD1:Input0954:Read"
954,"xx","InputBlank0955","One","Zero",955,"MOD1:Input0955:Read"
955,"xx","InputBlank0956","One","Zero",956,"MOD1:Input0956:Read"
956,"xx","InputBlank0957","One","Zero",957,"MOD1:Input0957:Read"
957,"xx","InputBlank0958","One","Zero",958,"MOD1:Input0958:Read"
958,"xx","InputBlank0959","One","Zero",959,"MOD1:Input0959:Read"
959,"xx","InputBlank0960","One","Zero",960,"MOD1:Input0960:Read"
960,"Mag. Sys OK Lamp","InputBlank0961","One","Zero",961,"MOD1:Input0961:Read"
961,"Ion Source Sys OK Lamp","InputBlank0962","One","Zero",962,"MOD1:Input0962:Read"
962,"Diag. Sys OK Lamp","InputBlank0963","One","Zero",963,"MOD1:Input0963:Read"
963,"Beam Line OK to FC1 Lamp","InputBlank0964","One","Zero",964,"MOD1:Input0964:Read"
964,"RF Sys -DC- OK Lamp","InputBlank0965","One","Zero",965,"MOD1:Input0965:Read"
965,"Extraction Sys OK Lamp","InputBlank0966","One","Zero",966,"MOD1:Input0966:Read"
966,"Vac. Sys OK Lamp","InputBlank0967","One","Zero",967,"MOD1:Input0967:Read"
967,"BL FC1 to Tgt Lamp OK","InputBlank0968","One","Zero",968,"MOD1:Input0968:Read"
968,"Stby 1 Selected Lamp","InputBlank0969","One","Zero",969,"MOD1:Input0969:Read"
969,"Stby 2 Selected Lamp","InputBlank0970","One","Zero",970,"MOD1:Input0970:Read"
970,"RF System -AC- OK Lamp","InputBlank0971","One","Zero",971,"MOD1:Input0971:Read"
971,"Safety OK In Vault Lamp","InputBlank0972","One","Zero",972,"MOD1:Input0972:Read"
972,"Safety OK To Tgt A or B Lamp","InputBlank0973","One","Zero",973,"MOD1:Input0973:Read"
973,"Stby 1/2 Tran. In Prog. Lamp","InputBlank0974","One","Zero",974,"MOD1:Input0974:Read"
974,"Stby 2/1 Tran. In Prog. Lamp","InputBlank0975","One","Zero",975,"MOD1:Input0975:Read"
975,"xx","InputBlank0976","One","Zero",976,"MOD1:Input0976:Read"
976,"xx","InputBlank0977","One","Zero",977,"MOD1:Input0977:Read"
977,"xx","InputBlank0978","One","Zero",978,"MOD1:Input0978:Read"
978,"xx","InputBlank0979","One","Zero",979,"MOD1:Input0979:Read"
992,"PDP Address Bit 0","InputBlank0993","One","Zero",993,"MOD1:Input0993:Read"
993,"PDP Address Bit 1","InputBlank0994","One","Zero",994,"MOD1:Input0994:Read"
994,"PDP Address Bit 2","InputBlank0995","One","Zero",995,"MOD1:Input0995:Read"
995,"PDP Address Bit 3","InputBlank0996","One","Zero",996,"MOD1:Input0996:Read"
996,"Select Hydrogen Command PDP","InputBlank0997","One","Zero",997,"MOD1:Input0997:Read"
997,"Select Deuterium Command PDP","InputBlank0998","One","Zero",998,"MOD1:Input0998:Read"
998,"Turn PSARC Off Command PDP","InputBlank0999","One","Zero",999,"MOD1:Input0999:Read"
999,"Turn PSARC On Command PDP","InputBlank1000","One","Zero",1000,"MOD1:Input1000:Read"
1000,"Reset PSARC On Command PDP","InputBlank1001","One","Zero",1001,"MOD1:Input1001:Read"
1001,"Turn PSHV Off Command PDP","InputBlank1002","One","Zero",1002,"MOD1:Input1002:Read"
1002,"Turn PSHV On Command PDP","InputBlank1003","One","Zero",1003,"MOD1:Input1003:Read"
1003,"Reset DECU Command PDP","InputBlank1004","One","Zero",1004,"MOD1:Input1004:Read"
1008,"System Ready to FC1 PDP","InputBlank1009","One","Zero",1009,"MOD1:Input1009:Read"
1009,"Mag. FC1 to FC2A OK PDP","InputBlank1010","One","Zero",1010,"MOD1:Input1010:Read"
1010,"Mag. FC2A to FC3A OK PDP","InputBlank1011","One","Zero",1011,"MOD1:Input1011:Read"
1011,"Mag. FC3A to TG A OK PDP","InputBlank1012","One","Zero",1012,"MOD1:Input1012:Read"
1012,"Mag. FC1 to FC2B OK PDP","InputBlank1013","One","Zero",1013,"MOD1:Input1013:Read"
1013,"Mag. FC2B to TG B OK PDP","InputBlank1014","One","Zero",1014,"MOD1:Input1014:Read"
1014,"Mag. FC1 to FC2C OK PDP","InputBlank1015","One","Zero",1015,"MOD1:Input1015:Read"
1015,"Check/Confirm B OK PCP","InputBlank1016","One","Zero",1016,"MOD1:Input1016:Read"
1016,"xx","InputBlank1017","One","Zero",1017,"MOD1:Input1017:Read"
1017,"xx","InputBlank1018","One","Zero",1018,"MOD1:Input1018:Read"
1018,"xx","InputBlank1019","One","Zero",1019,"MOD1:Input1019:Read"
1019,"xx","InputBlank1020","One","Zero",1020,"MOD1:Input1020:Read"
1020,"xx","InputBlank1021","One","Zero",1021,"MOD1:Input1021:Read"
1021,"xx","InputBlank1022","One","Zero",1022,"MOD1:Input1022:Read"
1022,"xx","InputBlank1023","One","Zero",1023,"MOD1:Input1023:Read"
1023,"xx","InputBlank1024","One","Zero",1024,"MOD1:Input1024:Read"
1024,"xx","InputBlank1025","One","Zero",1025,"MOD1:Input1025:Read"
1025,"xx","InputBlank1026","One","Zero",1026,"MOD1:Input1026:Read"
1026,"xx","InputBlank1027","One","Zero",1027,"MOD1:Input1027:Read"
1027,"xx","InputBlank1028","One","Zero",1028,"MOD1:Input1028:Read"
1028,"xx","InputBlank1029","One","Zero",1029,"MOD1:Input1029:Read"
1029,"xx","InputBlank1030","One","Zero",1030,"MOD1:Input1030:Read"
1030,"xx","InputBlank1031","One","Zero",1031,"MOD1:Input1031:Read"
1031,"xx","InputBlank1032","One","Zero",1032,"MOD1:Input1032:Read"
1032,"xx","InputBlank1033","One","Zero",1033,"MOD1:Input1033:Read"
1033,"xx","InputBlank1034","One","Zero",1034,"MOD1:Input1034:Read"
1034,"xx","InputBlank1035","One","Zero",1035,"MOD1:Input1035:Read"
1035,"xx","InputBlank1036","One","Zero",1036,"MOD1:Input1036:Read"
1036,"xx","InputBlank1037","One","Zero",1037,"MOD1:Input1037:Read"
1037,"xx","InputBlank1038","One","Zero",1038,"MOD1:Input1038:Read"
1038,"xx","InputBlank1039","One","Zero",1039,"MOD1:Input1039:Read"
1039,"xx","InputBlank1040","One","Zero",1040,"MOD1:Input1040:Read"
1040,"xx","InputBlank1041","One","Zero",1041,"MOD1:Input1041:Read"
1041,"xx","InputBlank1042","One","Zero",1042,"MOD1:Input1042:Read"
1042,"xx","InputBlank1043","One","Zero",1043,"MOD1:Input1043:Read"
1043,"xx","InputBlank1044","One","Zero",1044,"MOD1:Input1044:Read"
1044,"xx","InputBlank1045","One","Zero",1045,"MOD1:Input1045:Read"
1045,"xx","InputBlank1046","One","Zero",1046,"MOD1:Input1046:Read"
1046,"xx","InputBlank1047","One","Zero",1047,"MOD1:Input1047:Read"
1047,"xx","InputBlank1048","One","Zero",1048,"MOD1:Input1048:Read"
1048,"xx","InputBlank1049","One","Zero",1049,"MOD1:Input1049:Read"
1049,"xx","InputBlank1050","One","Zero",1050,"MOD1:Input1050:Read"
1050,"xx","InputBlank1051","One","Zero",1051,"MOD1:Input1051:Read"
1051,"xx","InputBlank1052","One","Zero",1052,"MOD1:Input1052:Read"
1052,"xx","InputBlank1053","One","Zero",1053,"MOD1:Input1053:Read"
1053,"xx","InputBlank1054","One","Zero",1054,"MOD1:Input1054:Read"
1054,"xx","InputBlank1055","One","Zero",1055,"MOD1:Input1055:Read"
1055,"xx","InputBlank1056","One","Zero",1056,"MOD1:Input1056:Read"
1056,"QG Q23A Control Power OK","QG23A:CntlPowerOK:Status","OK","Not OK",1057,"MOD1:Input1057:Read"
1057,"QG No Ground Fault","QG:GroundFaultOK:Status","OK","Not OK",1058,"MOD1:Input1058:Read"
1058,"QG Local Mode","QG:Local:Status","Local","Not Local",1059,"MOD1:Input1059:Read"
1059,"QG Line Power On","QG:On:Status","On","Not On",1060,"MOD1:Input1060:Read"
1060,"QG Line Power Off","QG:Off:Status","Off","Not Off",1061,"MOD1:Input1061:Read"
1061,"QG Cooling Flow OK","QG:CoolingFlowOK:Status","OK","Not OK",1062,"MOD1:Input1062:Read"
1062,"QG Temp Switches OK","QG:TempSwitchesOK:Status","OK","Not OK",1063,"MOD1:Input1063:Read"
1063,"xx","InputBlank1064","One","Zero",1064,"MOD1:Input1064:Read"
1064,"Q23A No Ground Fault","Q23A:GroundFaultOK:Status","OK","Not OK",1065,"MOD1:Input1065:Read"
1065,"Q23A Local Mode","Q23A:Local:Status","Local","Not Local",1066,"MOD1:Input1066:Read"
1066,"Q23A Line Power On","Q23A:On:Status","On","Not On",1067,"MOD1:Input1067:Read"
1067,"Q23A Line Power Off","Q23A:Off:Status","Off","Not Off",1068,"MOD1:Input1068:Read"
1068,"Q2A Cooling Flow OK","Q2A:CoolingFlowOK:Status","OK","Not Not OK",1069,"MOD1:Input1069:Read"
1069,"Q2A Temp Switches OK","Q2A:TempSwitchesOK:Status","OK","Not OK",1070,"MOD1:Input1070:Read"
1070,"Q3A Cooling Flow OK","Q3A:CoolingFlowOK:Status","OK","Not OK",1071,"MOD1:Input1071:Read"
1071,"Q3A Temp Switches OK","Q3A:TempSwitchesOK:Status","OK","Not OK",1072,"MOD1:Input1072:Read"
1072,"QG Lens1 Polarity Positive","QG:Lens1:Polarity:Positive","Positive","Not Positive",1073,"MOD1:Input1073:Read"
1073,"QG Lens1 Polarity Negative","QG:Lens1:Polarity:Negative","Negative","Not Negative",1074,"MOD1:Input1074:Read"
1074,"QG Lens2 Polarity Positive","QG:Lens2:Polarity:Positive","Positive","Not Positive",1075,"MOD1:Input1075:Read"
1075,"QG Lens2 Polarity Negative","QG:Lens2:Polarity:Negative","Negative","Not Negative",1076,"MOD1:Input1076:Read"
1076,"QG Lens3 Polarity Positive","QG:Lens3:Polarity:Positive","Positive","Not Positive",1077,"MOD1:Input1077:Read"
1077,"QG Lens3 Polarity Negative","QG:Lens3:Polarity:Negative","Negative","Not Negative",1078,"MOD1:Input1078:Read"
1078,"xx","InputBlank1079","One","Zero",1079,"MOD1:Input1079:Read"
1079,"xx","InputBlank1080","One","Zero",1080,"MOD1:Input1080:Read"
1080,"Q2A Lens1&3 Polarity Positive","Q23A:Q2A:Lens13:Polarity:Positive","Positive","Not Positive",1081,"MOD1:Input1081:Read"
1081,"Q2A Lens1&3 Polarity Negative","Q23A:Q2A:Lens13:Polarity:Negative","Negative","Not Negative",1082,"MOD1:Input1082:Read"
1082,"Q2A Lens2 Polarity Positive","Q23A:Q2A:Lens2:Polarity:Positive","Positive","Not Positive",1083,"MOD1:Input1083:Read"
1083,"Q2A Lens2 Polarity Negative","Q23A:Q2A:Lens2:Polarity:Negative","Negative","Not Negative",1084,"MOD1:Input1084:Read"
1084,"Q3A Lens1&3 Polarity Positive","Q23A:Q3A:Lens13:Polarity:Positive","Positive","Not Positive",1085,"MOD1:Input1085:Read"
1085,"Q3A Lens1&3 Polarity Negative","Q23A:Q3A:Lens13:Polarity:Negative","Negative","Not Negative",1086,"MOD1:Input1086:Read"
1086,"Q3A Lens2 Polarity Positive","Q23A:Q3A:Lens2:Polarity:Positive","Positive","Not Positive",1087,"MOD1:Input1087:Read"
1087,"Q3A Lens2 Polarity Negative","Q23A:Q3A:Lens2:Polarity:Negative","Negative","Not Negative",1088,"MOD1:Input1088:Read"
